,0,1,2,3,4,5,6,7,8,9
index,0,665,766,917,158,454,886,1151,96,1054
index,1,1189,571,708,278,955,1090,345,624,935
index,2,14,1297,291,316,460,336,269,256,1064
index,3,426,1084,405,1338,1275,538,300,1257,506
index,4,1211,1198,1303,1220,1215,1293,9,1200,13
index,5,8,1199,1215,6,33,1271,1211,1204,1299
index,6,33,1299,5,1204,1302,1199,8,34,1212
index,7,1361,900,1228,441,898,1211,701,1357,1292
index,8,5,33,1215,6,1204,1199,1211,428,351
index,9,1289,1293,1303,1287,4,28,1202,1281,1216
index,10,1228,1260,1209,34,29,1206,1270,1267,1263
index,11,1279,1278,221,745,21,139,1298,913,195
index,12,221,445,985,745,139,360,1324,257,99
index,13,1220,33,1282,1279,1200,6,1211,1272,1303
index,14,249,1297,1064,546,291,440,422,379,256
index,15,745,13,1211,558,1287,1223,1220,755,21
index,16,117,779,1334,300,971,973,186,268,179
index,17,855,755,398,769,950,750,918,614,715
index,18,66,596,65,607,1318,64,1117,371,608
index,19,822,1136,156,1317,1135,60,924,1093,52
index,20,1081,1079,1322,1076,1112,1169,1045,898,59
index,21,1279,1361,1282,23,139,1298,33,195,438
index,22,1355,1270,1290,1260,1233,1265,1354,1266,1261
index,23,1298,124,1291,21,344,139,404,560,1361
index,24,966,912,601,1312,876,325,965,968,1046
index,25,1029,139,158,560,466,612,357,195,344
index,26,1282,1299,1265,1273,6,1204,33,1361,1199
index,27,1266,1355,1290,1267,1260,1354,1359,1187,1353
index,28,1231,1289,1280,1193,1293,9,1183,1229,1294
index,29,10,1290,1260,1261,1267,1263,1294,1302,1359
index,30,1296,1277,1183,1289,33,1357,31,1287,1294
index,31,30,651,1296,1356,39,844,1228,967,280
index,32,1271,1193,1287,1210,5,34,1215,1284,1205
index,33,8,6,21,5,1273,1277,1361,13,1299
index,34,1196,6,1209,10,1198,1293,1303,1354,1266
index,35,158,357,94,25,1029,161,1361,1268,1298
index,36,942,401,507,512,315,1238,462,407,1045
index,37,227,1027,779,385,708,1144,279,77,1025
index,38,110,308,345,1189,518,759,50,372,12
index,39,0,1361,158,665,23,917,7,1357,454
index,40,1139,1170,1347,1076,1238,1080,798,88,1329
index,41,723,1016,1320,870,1180,1170,989,1014,1017
index,42,255,372,367,48,368,1050,397,381,1013
index,43,857,73,1176,876,1306,1061,1320,1304,784
index,44,1338,152,1039,153,1179,1325,978,1304,49
index,45,1338,1304,1351,639,140,1046,978,915,186
index,46,1075,156,924,1169,728,1194,932,61,798
index,47,453,1286,425,472,1097,471,1241,609,675
index,48,42,1318,1179,1308,65,371,368,381,79
index,49,1195,941,1351,1338,95,1304,143,107,1234
index,50,983,864,675,1097,452,314,965,391,1103
index,51,1133,52,775,265,668,958,1257,78,592
index,52,956,1347,60,958,1081,775,1133,957,1047
index,53,54,95,56,63,1247,64,93,994,1311
index,54,53,95,56,1310,1247,1307,63,1309,1254
index,55,577,56,142,1313,141,318,1247,264,1248
index,56,318,1247,456,54,55,908,450,95,1311
index,57,600,694,721,283,991,662,361,375,77
index,58,1088,1146,305,122,853,951,124,593,121
index,59,89,88,1314,1081,76,1076,784,1118,1045
index,60,1081,1000,89,957,76,956,52,59,1242
index,61,76,81,1320,1256,866,89,798,1087,157
index,62,273,1264,572,211,826,147,1159,338,991
index,63,64,65,97,1117,994,66,73,95,256
index,64,63,65,66,994,95,73,1117,996,1176
index,65,66,64,95,63,497,1176,1179,73,379
index,66,65,64,95,63,1179,73,1176,1044,1307
index,67,95,54,396,154,1182,151,53,49,70
index,68,59,1081,959,1045,417,531,76,1022,879
index,69,486,165,199,701,953,720,1253,851,1252
index,70,59,87,76,1314,387,1243,1181,459,1238
index,71,81,1314,1030,837,988,990,1243,870,76
index,72,75,1254,1247,141,252,95,318,56,1168
index,73,1018,998,1176,1181,64,63,1117,350,1247
index,74,86,110,98,1053,123,1319,246,345,1230
index,75,1247,72,908,141,450,1254,456,93,252
index,76,89,59,1314,61,60,87,81,367,84
index,77,87,118,387,662,208,70,458,76,643
index,78,52,1238,1133,278,1194,1169,59,1255,959
index,79,272,1179,81,1244,256,1318,368,379,249
index,80,440,1064,1275,224,302,225,251,193,183
index,81,97,1244,256,255,79,379,1314,99,1118
index,82,54,93,53,1024,95,1247,1307,97,180
index,83,1027,770,752,1025,1030,1101,867,1034,945
index,84,76,61,924,367,1106,46,42,60,1174
index,85,1307,838,66,65,99,1310,839,1313,97
index,86,74,98,110,123,345,1230,327,113,1053
index,87,76,77,70,1234,1239,1314,60,1317,458
index,88,1061,1118,1116,1062,1076,1060,1059,714,483
index,89,59,88,1118,472,76,1314,99,1116,1242
index,90,714,884,1320,1180,1117,577,384,351,1017
index,91,213,125,311,180,191,202,920,908,437
index,92,941,1234,248,14,341,1030,546,79,49
index,93,311,1247,180,125,213,1244,56,95,202
index,94,139,158,814,561,404,195,1019,1029,560
index,95,65,54,66,64,379,63,73,53,56
index,96,354,857,384,90,1014,1113,205,73,351
index,97,99,81,360,142,1116,1307,63,1313,318
index,98,110,123,86,345,74,586,678,1053,1189
index,99,97,1313,1181,318,314,1116,1307,540,142
index,100,264,1305,882,874,165,1116,199,1130,953
index,101,689,156,1317,1238,610,157,696,155,87
index,102,180,125,191,202,380,213,318,471,1308
index,103,157,155,1304,912,85,61,1154,1320,52
index,104,779,193,1144,265,583,227,376,229,156
index,105,112,141,1313,220,1310,252,54,1309,1247
index,106,1250,109,253,111,108,131,49,166,1259
index,107,201,143,485,115,140,95,1179,941,396
index,108,109,1127,111,1259,1304,197,106,1080,266
index,109,1127,111,108,1304,106,266,1251,1245,107
index,110,98,345,123,86,74,38,1189,880,586
index,111,109,108,1127,107,115,143,1304,106,1251
index,112,195,1128,1132,139,220,820,242,680,1019
index,113,369,359,1186,360,380,1230,125,886,351
index,114,125,180,1308,191,697,102,91,497,731
index,115,184,116,201,107,140,253,206,997,151
index,116,318,201,247,1351,920,115,437,184,497
index,117,231,179,237,16,239,542,303,509,268
index,118,387,229,227,458,544,77,76,376,959
index,119,72,120,188,346,215,196,178,121,252
index,120,220,121,178,1129,215,119,122,112,242
index,121,120,220,122,178,242,138,1129,124,188
index,122,1088,121,220,242,1129,1146,120,138,124
index,123,98,110,345,86,74,678,897,648,1138
index,124,138,1352,853,593,1088,121,23,139,220
index,125,202,908,931,369,456,360,180,471,432
index,126,127,483,471,318,314,472,919,137,1313
index,127,126,471,483,318,314,88,919,436,351
index,128,353,857,1176,354,73,773,1017,352,1014
index,129,1016,1067,498,442,1014,353,1070,1166,1113
index,130,1348,970,509,542,273,980,211,303,971
index,131,456,318,931,1313,919,396,127,56,142
index,132,1085,981,1001,1045,1067,384,1071,743,1101
index,133,1116,392,360,127,1004,314,88,472,351
index,134,229,166,413,376,385,265,448,227,243
index,135,429,708,148,1032,913,164,234,823,229
index,136,529,432,931,180,125,697,514,202,497
index,137,126,127,1256,1313,1308,1197,99,1106,318
index,138,124,853,1352,305,313,593,121,1088,220
index,139,195,221,158,814,94,561,404,560,1019
index,140,184,201,1321,206,1304,1176,1104,141,189
index,141,142,1254,1018,1247,998,252,318,73,55
index,142,1116,141,318,471,456,1118,1313,97,1018
index,143,183,260,251,107,499,254,190,153,1098
index,144,1340,556,306,702,1194,1148,1157,1145,781
index,145,254,396,1044,381,1179,65,153,378,66
index,146,396,54,140,931,95,256,450,131,456
index,147,503,779,626,819,231,943,1348,980,179
index,148,782,135,950,1032,1288,745,234,690,525
index,149,152,201,153,184,1308,140,396,318,116
index,150,131,149,153,152,919,206,396,140,318
index,151,252,152,396,201,107,116,318,141,162
index,152,153,149,252,140,184,254,1308,396,166
index,153,152,149,143,396,201,150,140,131,184
index,154,529,168,377,457,931,335,731,73,432
index,155,1332,1234,1154,95,103,79,1317,1244,1179
index,156,1335,878,60,1148,1334,46,1144,1194,157
index,157,735,103,61,1313,60,1334,81,99,1318
index,158,139,814,94,404,195,561,25,560,357
index,159,564,223,353,794,412,1140,498,453,214
index,160,1090,1102,745,955,695,571,769,979,733
index,161,1029,344,357,209,592,508,769,620,950
index,162,514,131,450,919,396,151,529,154,1242
index,163,514,244,443,396,154,162,196,698,207
index,164,445,222,931,263,376,343,137,131,126
index,165,142,264,1305,764,154,428,1061,483,1313
index,166,302,251,1064,193,14,376,413,675,440
index,167,255,365,397,367,424,256,229,1105,381
index,168,686,982,329,731,447,154,457,1018,73
index,169,191,213,318,920,180,437,236,102,91
index,170,452,864,129,942,1014,436,1016,391,983
index,171,307,156,1147,923,1158,1136,647,702,818
index,172,631,458,544,1000,241,477,502,376,527
index,173,429,565,586,1019,112,880,195,680,897
index,174,328,876,219,1064,875,1304,440,302,751
index,175,809,373,748,901,1026,521,797,810,1012
index,176,967,755,769,570,899,528,676,741,1322
index,177,556,293,319,306,294,928,407,702,803
index,178,121,120,220,215,119,112,242,252,188
index,179,117,509,303,237,186,231,238,971,268
index,180,191,125,202,213,102,529,433,931,311
index,181,262,395,1053,371,1241,440,207,1308,1042
index,182,1314,1238,1030,399,518,487,388,376,1139
index,183,143,260,193,186,249,203,440,250,248
index,184,201,140,1103,1176,95,189,379,115,206
index,185,602,1142,979,967,637,671,760,830,829
index,186,971,970,972,509,969,193,976,183,238
index,187,142,1018,849,686,377,196,141,456,350
index,188,220,215,141,252,736,1247,75,1168,72
index,189,1180,1065,383,493,206,773,1014,1033,241
index,190,203,143,183,194,140,251,233,248,193
index,191,180,125,213,102,1308,202,169,920,91
index,192,874,1060,257,1116,1062,812,1010,1059,985
index,193,302,251,186,166,248,183,373,1064,440
index,194,238,203,240,186,971,521,237,970,509
index,195,139,561,112,1132,560,404,357,680,438
index,196,187,514,377,428,168,432,252,72,450
index,197,108,1127,109,1259,1213,363,1250,979,806
index,198,315,1065,1180,575,351,512,1171,773,453
index,199,537,351,327,356,360,264,326,352,392
index,200,897,1031,195,951,1019,1237,123,98,139
index,201,184,140,116,318,72,149,95,1176,107
index,202,125,180,908,311,1186,335,360,191,931
index,203,194,190,248,183,238,193,186,179,509
index,204,355,206,1033,115,324,354,418,140,154
index,205,1305,857,844,676,869,705,1061,663,354
index,206,1176,189,1033,1321,140,1180,383,455,1320
index,207,378,222,270,397,1053,1244,396,1308,230
index,208,166,387,459,1030,260,458,77,310,507
index,209,612,466,725,1177,344,1089,930,161,967
index,210,245,211,303,1348,542,509,239,231,237
index,211,210,303,1348,542,130,147,117,231,509
index,212,453,784,796,214,777,314,384,1060,1113
index,213,180,125,191,380,529,931,169,202,91
index,214,1001,1172,1113,895,552,1071,896,1112,784
index,215,188,252,120,596,72,1128,141,220,736
index,216,144,299,802,1140,535,306,1155,1194,361
index,217,518,786,487,1324,745,842,586,1114,1178
index,218,314,1060,453,1320,784,776,399,328,975
index,219,546,302,1297,1097,174,675,524,842,875
index,220,120,121,188,1129,122,242,736,141,55
index,221,139,12,745,680,985,234,1019,195,445
index,222,207,369,230,931,360,480,228,472,359
index,223,1139,214,1140,547,264,351,453,1238,401
index,224,675,440,80,1318,1097,302,413,373,368
index,225,193,80,251,203,183,179,186,1064,260
index,226,413,448,477,544,523,481,310,294,426
index,227,385,229,118,265,376,708,544,846,527
index,228,1011,1050,397,993,255,229,381,472,812
index,229,270,376,397,228,631,675,372,233,255
index,230,1230,222,256,207,257,228,480,255,586
index,231,117,237,509,542,245,303,179,971,238
index,232,385,265,1026,366,987,961,413,770,229
index,233,373,272,229,368,245,193,248,183,372
index,234,745,1126,221,772,1114,139,814,332,246
index,235,111,1251,108,109,1127,266,115,106,1080
index,236,437,169,997,91,920,731,180,102,1308
index,237,231,238,117,970,542,179,509,245,971
index,238,194,237,240,971,976,245,186,248,203
index,239,245,243,117,231,237,261,210,509,303
index,240,238,194,237,183,203,248,193,190,143
index,241,1063,189,367,1050,1051,453,609,796,314
index,242,220,122,121,112,120,1129,1029,404,139
index,243,245,239,261,117,231,260,183,16,232
index,244,163,443,206,143,260,131,1317,155,396
index,245,210,542,231,243,509,238,239,237,233
index,246,725,1054,234,708,304,1058,1142,1262,209
index,247,116,184,201,920,437,456,450,497,1351
index,248,193,203,238,14,233,183,186,779,92
index,249,250,14,272,1044,291,260,79,368,379
index,250,249,373,1044,14,183,368,272,254,260
index,251,1064,440,193,166,302,920,143,260,1275
index,252,141,72,318,1018,188,75,450,152,201
index,253,1321,256,184,115,206,379,272,201,1176
index,254,395,368,249,396,440,152,143,1131,941
index,255,256,371,1244,379,1118,381,931,81,472
index,256,255,1244,381,272,97,379,1318,81,1117
index,257,1062,1116,392,264,97,142,1118,99,1059
index,258,975,513,315,512,1065,942,354,436,522
index,259,1082,619,332,1114,578,624,1090,1091,728
index,260,143,249,183,251,14,440,166,941,1131
index,261,243,239,267,231,117,232,245,210,237
index,262,181,395,920,371,440,1064,1053,1319,471
index,263,264,427,384,512,354,1001,1113,127,1076
index,264,1125,263,577,1116,142,351,88,1083,1076
index,265,232,385,1072,1047,1036,413,376,770,227
index,266,539,1127,407,109,436,942,1322,1329,1169
index,267,300,239,261,232,521,413,243,231,193
index,268,179,117,237,238,16,231,971,203,271
index,269,564,553,336,490,125,472,483,97,471
index,270,372,229,207,368,675,397,378,381,395
index,271,16,238,248,203,296,268,186,231,779
index,272,1318,368,256,79,381,249,440,255,371
index,273,130,147,980,117,211,268,1348,542,971
index,274,540,351,314,577,851,885,614,740,889
index,275,1335,1240,689,1154,692,579,1239,1332,566
index,276,504,676,877,967,619,933,896,741,874
index,277,491,619,1323,577,693,713,921,715,278
index,278,401,702,935,552,214,1322,1148,776,737
index,279,166,544,265,227,316,708,413,310,481
index,280,1102,1142,806,1090,671,1054,967,623,688
index,281,293,317,1148,1086,1347,1008,306,1045,957
index,282,650,1348,130,1078,970,1224,664,972,976
index,283,721,991,1173,160,361,57,1054,844,768
index,284,668,264,126,263,1045,127,1329,1322,950
index,285,286,289,1297,297,532,931,411,262,1064
index,286,285,481,310,413,1297,411,260,902,502
index,287,535,459,510,543,361,208,536,292,156
index,288,534,1286,264,1208,959,401,453,126,472
index,289,840,996,1011,228,608,285,1178,995,424
index,290,753,80,279,260,414,520,310,181,919
index,291,524,249,1308,497,14,460,191,114,422
index,292,340,518,511,407,338,439,299,331,293
index,293,1075,401,417,1164,407,763,597,1172,512
index,294,449,401,407,36,427,507,293,458,556
index,295,297,369,530,534,537,322,555,553,403
index,296,1320,1033,1170,798,1329,850,788,778,1169
index,297,295,555,322,564,537,264,351,369,1186
index,298,1342,470,996,925,64,941,532,598,95
index,299,407,1143,1164,803,398,507,306,36,1343
index,300,521,16,1334,179,1312,267,1025,1275,413
index,301,311,91,1308,1141,114,411,327,102,1186
index,302,193,1097,219,166,440,1064,425,251,675
index,303,509,542,1348,179,231,210,211,117,970
index,304,1008,417,893,860,214,744,960,763,1095
index,305,587,138,313,853,386,124,121,861,58
index,306,144,556,959,803,899,802,1340,1148,1157
index,307,1288,171,1133,1090,1132,745,950,573,344
index,308,372,345,79,38,16,253,272,233,271
index,309,770,1027,626,328,751,1030,875,331,743
index,310,458,481,166,413,753,1319,411,538,448
index,311,202,180,93,125,91,191,1308,484,1141
index,312,784,214,384,314,1107,552,444,212,1118
index,313,386,138,305,686,640,358,853,1064,447
index,314,609,453,351,784,99,399,872,1118,1116
index,315,942,1180,1065,351,575,444,609,401,512
index,316,333,2,336,364,698,530,920,431,337
index,317,1143,495,512,942,36,401,427,464,127
index,318,456,142,471,908,920,483,99,56,125
index,319,928,899,401,1090,1075,306,1337,1148,895
index,320,1118,142,1116,1062,351,1061,467,314,384
index,321,329,168,236,731,311,457,485,1141,1044
index,322,297,1052,295,555,1360,327,1073,500,950
index,323,1140,400,1330,505,144,1052,294,1326,487
index,324,443,997,236,457,115,497,107,447,485
index,325,764,471,314,1061,428,1064,43,483,1059
index,326,356,351,354,1186,350,352,335,199,349
index,327,360,483,351,311,199,1124,202,318,180
index,328,174,875,876,132,314,515,218,1087,793
index,329,168,1018,686,731,998,91,457,73,311
index,330,1305,325,1087,1064,1306,764,127,483,671
index,331,309,1030,875,487,328,300,626,1027,547
index,332,1126,745,1035,645,1114,578,760,740,619
index,333,166,1064,260,316,1308,116,310,411,336
index,334,207,1053,1241,378,230,270,74,1230,431
index,335,908,360,125,202,432,450,931,456,377
index,336,269,553,920,125,180,437,191,456,484
index,337,316,226,448,279,413,481,1042,1241,477
index,338,1300,1056,894,309,770,1148,292,527,1030
index,339,753,225,1064,310,1286,510,413,174,426
index,340,518,223,1330,292,133,547,350,359,407
index,341,470,14,248,1119,1330,422,92,532,340
index,342,358,311,686,329,91,1141,236,168,327
index,343,346,445,953,164,1032,12,100,1286,808
index,344,508,438,1029,592,525,466,500,486,161
index,345,110,586,1189,98,123,308,86,925,1230
index,346,343,931,445,1242,529,327,411,546,1286
index,347,1319,1230,262,181,1297,959,1318,397,502
index,348,500,525,1219,486,508,199,466,344,327
index,349,351,350,356,73,998,483,354,406,857
index,350,351,473,349,356,406,1197,352,354,73
index,351,354,356,352,350,406,349,483,886,315
index,352,351,354,356,350,349,1065,326,314,577
index,353,354,351,564,350,128,349,352,553,1065
index,354,351,352,356,1065,350,315,349,1014,406
index,355,436,1344,354,1014,353,206,41,1240,115
index,356,351,326,352,349,350,354,406,886,1186
index,357,195,1029,161,158,344,592,139,560,94
index,358,342,329,91,1141,686,437,311,731,168
index,359,360,369,380,931,125,908,480,1186,456
index,360,359,369,931,908,480,125,380,1186,432
index,361,671,1139,330,638,1140,611,959,535,1238
index,362,416,1096,109,266,1127,420,197,1194,235
index,363,1155,1305,684,967,676,330,671,353,566
index,364,336,537,82,553,318,269,102,180,564
index,365,996,995,256,367,255,1105,994,1244,381
index,366,770,1034,232,867,385,961,1105,265,367
index,367,1006,241,963,397,1111,1063,42,76,1001
index,368,272,1318,395,371,372,381,256,440,675
index,369,931,359,360,125,472,908,380,456,471
index,370,259,16,932,257,1257,748,1082,230,1012
index,371,1318,255,440,368,256,379,422,395,272
index,372,368,270,272,675,373,42,79,229,906
index,373,372,371,233,1013,272,250,193,249,368
index,374,668,288,769,930,720,330,464,176,278
index,375,333,207,316,1308,1286,327,411,270,378
index,376,1097,229,1072,393,434,166,544,302,858
index,377,335,432,931,202,908,529,154,456,360
index,378,207,1244,381,396,424,1308,1053,255,368
index,379,255,95,256,998,422,1244,81,371,318
index,380,360,471,359,433,369,213,456,908,318
index,381,256,1244,255,368,272,424,697,371,378
index,382,653,394,1158,1347,813,52,60,848,1085
index,383,1065,189,1070,1067,1180,773,938,1172,1166
index,384,784,88,1113,132,453,1060,351,90,714
index,385,227,232,265,1026,1072,961,229,366,770
index,386,686,313,168,305,982,188,138,358,731
index,387,118,959,70,531,957,77,208,459,76
index,388,182,1112,1107,1051,1113,367,214,784,1001
index,389,1058,1111,1099,304,1106,1177,725,1095,933
index,390,861,1151,1060,205,1059,741,1054,528,746
index,391,864,983,368,424,411,184,452,395,50
index,392,257,199,133,359,445,1082,360,351,314
index,393,1097,1118,1013,314,1105,132,1072,1060,472
index,394,382,958,813,797,441,550,1360,653,922
index,395,368,262,371,440,181,255,254,396,397
index,396,95,920,456,450,131,484,54,379,1044
index,397,228,229,255,367,207,42,472,395,270
index,398,774,790,750,918,498,214,1322,1343,791
index,399,314,493,1320,127,351,609,1255,1180,471
index,400,1140,1238,1139,959,528,487,59,223,401
index,401,36,512,453,427,942,315,1045,737,899
index,402,322,257,1360,555,1024,759,165,222,1053
index,403,564,351,360,269,537,359,553,369,530
index,404,1132,195,814,139,158,561,94,344,242
index,405,3,225,426,1334,499,1338,16,260,80
index,406,351,455,350,886,349,609,356,354,471
index,407,1164,36,942,401,1238,1075,507,798,1045
index,408,1075,407,1164,774,927,942,1171,398,465
index,409,1063,1110,257,990,228,263,1060,230,1077
index,410,126,89,1286,495,472,288,476,430,127
index,411,471,931,125,456,369,127,483,472,1297
index,412,498,794,763,1075,1068,401,899,666,159
index,413,481,1319,448,544,426,166,523,302,458
index,414,1064,831,547,328,1297,919,477,524,520
index,415,1085,850,40,36,401,942,507,132,774
index,416,362,1096,1127,109,420,266,197,1259,703
index,417,893,841,304,763,962,1048,214,1001,1071
index,418,1197,473,463,127,423,484,436,780,529
index,419,1075,942,512,401,315,36,763,1322,1171
index,420,799,522,831,718,398,1322,556,401,539
index,421,1186,495,263,125,327,102,698,1141,326
index,422,908,920,379,1064,440,424,335,371,450
index,423,1197,418,125,473,114,529,484,180,1186
index,424,697,125,256,422,381,1244,1318,931,371
index,425,1097,471,302,434,472,380,476,314,919
index,426,523,413,448,536,538,1084,481,435,166
index,427,401,512,1143,263,214,36,1164,1045,791
index,428,1018,483,351,471,447,764,350,998,406
index,429,823,135,913,1032,112,221,195,234,139
index,430,487,172,410,304,812,786,518,846,1008
index,431,698,532,501,1141,1241,586,316,1053,1242
index,432,931,125,360,529,908,480,335,456,202
index,433,380,180,529,125,213,908,191,697,1242
index,434,1097,425,376,314,547,393,132,302,1130
index,435,413,426,434,532,753,448,481,1064,172
index,436,942,127,512,1180,1169,315,1065,463,126
index,437,920,456,91,318,236,169,213,191,908
index,438,344,195,1029,139,508,561,466,1032,560
index,439,465,518,728,304,960,1006,763,1023,446
index,440,371,1318,1064,251,224,675,422,368,272
index,441,813,755,896,898,701,900,1076,504,528
index,442,129,498,624,990,309,518,761,1075,795
index,443,324,697,484,244,206,514,396,497,154
index,444,315,942,214,575,609,1113,314,351,453
index,445,360,359,985,931,99,480,314,456,12
index,446,465,942,464,1170,935,728,512,214,36
index,447,457,731,428,168,335,73,422,473,350
index,448,413,523,426,1319,538,544,481,458,310
index,449,294,458,510,1086,306,878,556,622,1326
index,450,908,335,456,56,318,920,75,432,422
index,451,452,1316,864,1050,1077,1173,518,1166,170
index,452,1014,983,864,1065,1016,847,609,170,773
index,453,609,314,575,784,401,990,212,1113,886
index,454,853,593,1352,844,1146,138,205,682,0
index,455,406,1176,609,351,350,206,886,314,1017
index,456,908,318,471,931,125,142,920,369,380
index,457,731,447,494,168,335,329,154,484,697
index,458,544,310,510,753,172,413,527,118,1319
index,459,507,70,942,1243,407,208,317,387,1030
index,460,291,422,14,379,114,1297,450,919,249
index,461,126,495,288,127,472,483,369,471,476
index,462,942,315,949,507,948,36,1171,401,512
index,463,473,418,127,484,126,436,318,1176,529
index,464,1238,1170,401,942,444,214,507,1143,1322
index,465,446,439,1075,1071,1172,214,507,383,1069
index,466,612,1029,1089,344,618,560,930,508,500
index,467,1107,320,1109,745,1029,769,738,772,312
index,468,984,726,467,1109,950,500,1107,715,985
index,469,752,439,516,890,894,945,465,1094,710
index,470,341,1119,524,249,260,291,941,484,114
index,471,483,456,472,318,125,142,380,908,476
index,472,471,369,1116,483,314,88,931,1061,1118
index,473,1197,350,529,318,125,418,73,463,351
index,474,147,864,237,194,521,742,542,517,983
index,475,745,979,630,570,769,733,560,955,221
index,476,471,360,125,697,1186,380,369,908,483
index,477,317,172,1130,458,411,512,310,226,1305
index,478,1061,1053,472,831,783,428,764,842,1305
index,479,896,796,899,777,552,895,799,778,830
index,480,360,432,125,359,908,369,931,256,335
index,481,413,411,544,310,1042,502,1319,448,191
index,482,352,218,436,452,127,720,942,975,315
index,483,471,351,1125,318,127,142,88,1061,472
index,484,697,731,1244,311,180,125,91,1308,920
index,485,997,497,731,1351,252,116,107,437,95
index,486,525,348,344,500,508,199,1253,100,1130
index,487,786,518,314,453,400,1238,730,1130,126
index,488,529,126,931,476,127,377,137,418,154
index,489,154,447,168,731,335,457,1182,329,1197
index,490,269,564,986,553,336,353,127,931,126
index,491,577,1323,783,921,994,53,780,277,1167
index,492,518,182,340,430,527,1030,292,487,338
index,493,189,399,127,1180,483,314,351,1170,350
index,494,457,731,114,180,447,191,102,1043,920
index,495,512,401,317,1086,126,288,461,839,427
index,496,1327,426,523,36,513,172,522,401,415
index,497,697,125,1308,65,91,908,95,191,529
index,498,763,666,1071,597,1172,412,1067,1070,1001
index,499,143,1131,291,1308,1123,440,1318,260,1042
index,500,348,525,508,1219,344,199,327,486,466
index,501,931,432,369,1242,131,359,213,502,360
index,502,1297,291,524,219,1308,546,1123,931,14
index,503,147,819,832,626,779,1027,943,16,708
index,504,896,676,552,884,663,741,895,276,750
index,505,959,1140,306,957,1208,956,950,288,1045
index,506,536,401,556,945,1135,957,878,1326,802
index,507,1067,1069,1071,1172,1068,1164,1023,942,949
index,508,344,500,525,1029,466,486,348,438,592
index,509,303,542,970,186,971,231,969,972,179
index,510,458,449,523,448,753,1319,544,536,527
index,511,292,507,306,945,949,878,516,1171,1164
index,512,401,942,315,839,453,427,1065,436,1180
index,513,1307,1304,169,40,1320,1308,258,463,102
index,514,162,154,529,471,196,432,428,697,136
index,515,212,328,384,401,547,1113,214,453,132
index,516,752,878,749,922,765,945,1144,616,961
index,517,194,521,203,179,265,1042,300,231,1025
index,518,487,340,786,314,439,453,990,455,988
index,519,1158,306,928,1340,278,757,1157,382,442
index,520,248,414,1240,46,1106,518,524,532,206
index,521,194,300,237,509,971,224,179,267,517
index,522,942,401,36,975,512,1322,258,1341,444
index,523,426,448,413,538,458,1084,510,536,36
index,524,291,219,249,14,502,484,546,1297,1244
index,525,500,486,508,348,344,1349,1253,1052,592
index,526,406,455,428,697,351,356,326,422,350
index,527,458,376,1072,770,1030,172,407,507,227
index,528,755,651,552,896,934,1045,899,1076,479
index,529,432,180,473,213,433,125,931,202,456
index,530,295,564,553,986,403,490,269,213,369
index,531,959,957,1045,1238,1081,781,59,1347,940
index,532,431,502,435,524,341,424,470,1064,501
index,533,515,398,742,353,401,547,495,464,1130
index,534,380,288,102,1242,471,476,369,919,425
index,535,361,287,538,510,310,156,216,1136,831
index,536,426,448,523,1327,510,458,413,506,310
index,537,199,360,264,369,327,351,1197,359,380
index,538,426,523,448,1084,1286,310,956,481,513
index,539,1075,928,1322,401,942,293,1143,522,398
index,540,577,1311,1116,872,985,360,851,714,1125
index,541,525,486,263,307,327,176,500,344,1132
index,542,509,303,245,1348,231,237,186,210,117
index,543,942,1341,462,401,36,1143,1322,789,1238
index,544,631,413,458,376,481,1319,1097,288,229
index,545,1140,535,523,101,1238,1086,538,134,1322
index,546,1297,219,14,931,524,411,502,174,302
index,547,493,351,515,1130,127,223,453,444,742
index,548,764,428,325,165,1305,1252,349,1130,351
index,549,950,322,1337,550,382,278,1143,17,755
index,550,797,1125,453,813,990,872,812,653,1117
index,551,858,376,219,866,734,550,875,795,1242
index,552,895,784,898,863,214,1112,896,791,504
index,553,564,269,336,986,490,142,471,318,919
index,554,895,278,896,695,715,615,1102,552,1147
index,555,297,1360,264,441,738,360,1116,882,97
index,556,144,1340,879,702,899,306,1148,878,945
index,557,638,1238,1137,279,288,689,330,361,1133
index,558,898,895,1040,1112,900,896,614,274,552
index,559,158,1237,404,814,94,897,951,357,1129
index,560,561,195,835,139,466,1029,745,680,344
index,561,560,195,139,680,158,404,94,814,1029
index,562,676,623,684,768,829,788,663,927,407
index,563,1234,155,957,1154,1335,1314,1351,76,1238
index,564,553,269,490,351,274,353,1125,142,577
index,565,327,1133,1141,468,322,173,307,1147,1024
index,566,671,630,702,979,567,611,692,638,695
index,567,702,566,611,657,692,278,156,695,1332
index,568,596,569,925,576,54,1307,1247,1310,1311
index,569,568,596,678,576,680,925,1247,640,586
index,570,835,615,475,745,769,967,979,955,566
index,571,666,624,597,695,595,160,623,641,578
index,572,1159,991,1173,894,641,945,659,1068,752
index,573,683,681,652,816,644,690,637,655,848
index,574,580,582,637,671,689,670,647,634,610
index,575,609,453,315,1113,791,314,351,444,964
index,576,568,596,925,645,699,713,1318,607,256
index,577,889,1313,1125,1311,1310,614,540,915,714
index,578,624,666,597,619,860,1160,990,623,728
index,579,779,275,1334,662,568,143,583,699,248
index,580,574,623,979,671,619,578,758,695,651
index,581,629,583,662,1234,608,643,229,944,1098
index,582,610,637,574,634,638,654,647,1340,689
index,583,608,779,581,1316,607,229,647,550,571
index,584,862,732,865,729,1274,907,719,927,1264
index,585,685,591,667,604,572,647,588,658,583
index,586,345,480,1178,256,230,222,424,381,1053
index,587,305,138,313,386,853,1146,857,121,454
index,588,574,600,647,581,1339,617,689,101,599
index,589,644,1312,735,923,699,912,610,754,579
index,590,552,863,651,676,479,896,504,214,899
index,591,625,595,578,624,597,863,623,622,695
index,592,344,508,668,466,930,618,612,745,288
index,593,853,138,682,454,124,951,1352,1146,1088
index,594,668,333,1158,327,421,1334,1286,951,288
index,595,597,591,625,628,571,610,623,578,624
index,596,568,607,256,678,569,640,18,576,215
index,597,666,1172,578,763,1160,507,498,1071,214
index,598,202,335,125,908,377,931,456,180,311
index,599,662,604,643,579,629,253,588,1154,689
index,600,57,694,574,652,654,659,588,582,637
index,601,603,1312,186,970,1026,972,912,969,24
index,602,479,830,651,829,744,967,185,590,758
index,603,601,751,16,970,1312,770,972,978,966
index,604,608,607,599,678,18,596,1318,229,233
index,605,606,681,656,135,157,1346,670,1032,1041
index,606,605,681,760,673,670,656,629,135,1032
index,607,608,596,371,373,1318,18,256,272,576
index,608,607,373,604,596,583,18,256,229,996
index,609,453,314,886,575,872,351,1180,315,773
index,610,699,637,644,647,634,1148,578,638,597
index,611,566,567,657,638,671,1332,702,692,330
index,612,466,930,1089,740,745,504,933,1029,769
index,613,552,645,274,898,619,740,666,714,785
index,614,577,714,851,889,918,663,896,504,1313
index,615,745,618,690,739,570,612,967,554,1089
index,616,622,617,670,647,673,556,621,757,945
index,617,702,689,556,673,616,144,633,879,566
index,618,615,466,612,745,592,274,930,648,851
index,619,623,684,860,578,695,673,645,884,760
index,620,320,769,325,592,257,467,553,344,357
index,621,673,619,771,616,610,702,332,927,624
index,622,647,673,644,628,681,616,597,683,610
index,623,619,676,666,863,580,578,695,684,1102
index,624,578,695,684,619,623,571,666,728,610
index,625,591,595,623,582,580,628,695,574,610
index,626,147,503,1027,309,779,819,968,770,542
index,627,921,950,882,577,836,750,929,1167,263
index,628,597,1049,666,595,622,610,552,804,417
index,629,581,76,583,84,1154,662,101,689,753
index,630,566,979,671,632,769,679,1324,475,695
index,631,544,172,229,413,1000,376,1097,1036,219
index,632,630,695,769,566,613,745,684,619,677
index,633,647,654,702,695,689,617,610,554,757
index,634,610,597,670,578,1340,638,687,1148,278
index,635,782,616,708,647,622,683,583,670,717
index,636,717,710,652,670,1041,782,708,644,622
index,637,638,610,689,671,940,1142,582,1340,959
index,638,637,1139,671,689,1238,645,610,657,88
index,639,729,862,45,1195,978,732,754,751,907
index,640,596,313,1129,121,188,138,215,679,736
index,641,610,666,597,578,624,571,628,728,1023
index,642,139,560,124,561,138,1129,438,1352,94
index,643,583,77,662,624,696,229,610,641,599
index,644,610,683,673,670,681,647,589,622,699
index,645,619,762,760,1035,638,876,747,332,740
index,646,286,155,661,707,283,668,1194,253,926
index,647,610,683,670,644,622,696,673,633,702
index,648,828,680,726,739,613,812,618,745,568
index,649,647,757,667,101,610,689,637,683,617
index,650,282,438,1078,130,1348,1224,652,404,970
index,651,663,744,590,863,528,676,750,778,504
index,652,681,782,573,610,637,699,647,656,683
index,653,883,784,813,963,1063,1001,417,839,898
index,654,757,659,633,637,689,638,582,647,610
index,655,656,681,1337,687,573,702,637,278,610
index,656,655,681,673,332,677,637,760,610,647
index,657,695,638,684,702,1343,689,278,1238,1344
index,658,659,652,585,654,672,572,600,57,582
index,659,654,638,1148,637,689,803,610,657,702
index,660,668,1144,674,681,749,648,922,573,622
index,661,556,616,689,945,617,703,657,702,696
index,662,1234,1154,155,1332,689,77,599,694,579
index,663,857,676,989,750,784,915,504,577,1062
index,664,1035,823,722,987,174,1036,771,936,772
index,665,766,0,835,917,759,844,482,570,257
index,666,763,597,552,1172,214,1160,1113,1001,935
index,667,649,585,647,171,670,1056,658,583,622
index,668,264,284,1347,946,1307,1313,958,592,288
index,669,112,593,897,951,195,200,1019,678,1132
index,670,647,644,610,634,673,622,616,574,683
index,671,566,979,638,630,637,580,361,689,185
index,672,572,469,945,1159,516,658,894,511,803
index,673,619,621,644,610,578,622,624,647,278
index,674,660,656,677,652,610,1027,637,1035,699
index,675,224,1097,1013,440,1318,368,272,372,314
index,676,504,896,663,857,877,1113,705,552,1062
index,677,332,645,656,567,632,1035,624,619,673
index,678,596,569,680,576,230,568,345,257,607
index,679,630,979,566,1324,1246,640,733,632,874
index,680,221,195,648,985,561,560,139,1019,112
index,681,610,644,683,656,157,622,1036,655,573
index,682,593,1088,305,1146,454,951,124,138,611
index,683,644,647,681,573,622,610,673,670,690
index,684,695,619,623,624,657,676,733,927,1082
index,685,622,591,647,673,696,571,624,595,1051
index,686,168,982,329,428,1252,849,187,447,1018
index,687,610,689,1154,1340,638,634,278,659,1194
index,688,718,705,651,676,623,768,737,967,1139
index,689,638,637,702,657,617,1340,610,695,692
index,690,615,745,475,782,573,696,647,683,160
index,691,700,579,171,902,1331,1334,692,1335,576
index,692,566,689,702,567,611,275,671,637,630
index,693,277,576,695,699,911,925,568,684,687
index,694,662,57,600,70,721,991,588,283,629
index,695,684,619,657,623,863,624,666,676,696
index,696,695,647,702,278,624,684,1140,1238,745
index,697,908,125,1186,432,484,497,931,773,424
index,698,431,1141,180,1242,102,202,433,1073,91
index,699,610,867,157,1066,1097,1013,576,866,770
index,700,702,1340,566,1194,156,1155,567,689,957
index,701,441,344,755,612,614,930,851,1029,741
index,702,556,1340,566,1148,899,278,144,567,617
index,703,1156,1194,1335,1340,1145,1332,1154,662,689
index,704,1152,901,596,587,105,368,409,18,207
index,705,676,504,737,688,663,857,718,750,651
index,706,714,1017,876,872,773,1037,994,1117,884
index,707,372,608,365,167,373,840,308,996,232
index,708,229,227,135,246,1027,1041,782,631,134
index,709,299,306,828,1242,757,890,516,803,878
index,710,893,960,717,891,1095,841,1091,952,439
index,711,921,1129,165,1122,877,849,274,120,750
index,712,577,1122,1254,889,915,921,750,1310,914
index,713,872,1117,577,783,989,885,994,773,990
index,714,90,884,1125,577,88,896,614,706,1118
index,715,882,1167,738,1118,896,504,1107,1116,214
index,716,1329,946,1079,899,1045,900,737,1347,1169
index,717,1041,710,893,960,841,636,1091,1177,1008
index,718,688,705,750,651,1305,869,676,623,967
index,719,1100,723,907,799,728,962,863,821,927
index,720,350,127,1197,351,428,126,349,1252,142
index,721,283,917,991,361,57,1173,694,572,1054
index,722,1011,1036,749,922,993,833,846,664,823
index,723,41,778,798,1170,981,884,728,870,1113
index,724,577,614,1322,552,1310,612,278,767,898
index,725,246,1177,209,934,933,1058,1089,612,758
index,726,552,739,715,1107,828,504,922,954,812
index,727,750,1305,278,718,792,651,755,528,1155
index,728,935,723,763,793,743,777,796,761,798
index,729,639,907,862,732,865,719,1016,1014,1264
index,730,796,866,777,784,453,1060,1118,762,839
index,731,457,447,484,168,91,329,335,1141,497
index,732,865,862,729,584,971,1264,978,639,970
index,733,979,1102,745,769,1324,955,695,684,967
index,734,867,761,866,795,858,793,852,872,1013
index,735,157,1097,376,1013,1081,1236,833,990,1327
index,736,1129,188,220,939,215,1246,141,820,120
index,737,1045,899,552,401,778,798,676,59,784
index,738,984,874,985,1116,882,715,1118,1107,360
index,739,893,726,528,552,755,304,898,1177,745
index,740,898,552,453,741,760,784,762,614,860
index,741,504,676,758,896,877,740,967,1062,861
index,742,547,455,406,493,351,444,350,354,127
index,743,761,962,754,981,795,793,796,777,728
index,744,676,651,417,777,796,763,479,743,304
index,745,769,874,612,1102,979,733,930,933,740
index,746,813,384,1082,441,1151,794,1113,504,676
index,747,645,1035,1114,1027,876,332,1126,979,325
index,748,1035,813,265,747,24,912,232,770,1036
index,749,743,1036,1034,761,990,552,1169,1328,935
index,750,663,504,676,915,651,1076,577,857,896
index,751,743,754,771,876,1034,770,795,910,174
index,752,516,945,825,894,743,878,83,1100,826
index,753,458,1234,310,510,448,435,413,1319,339
index,754,743,771,761,795,1034,751,1085,966,867
index,755,896,528,552,504,898,895,676,479,737
index,756,1025,825,810,826,1026,1093,601,805,807
index,757,654,633,616,647,943,702,156,306,556
index,758,741,1010,676,1062,744,602,1060,967,276
index,759,257,406,230,983,445,256,480,392,146
index,760,740,552,619,771,755,479,896,645,504
index,761,795,793,867,743,981,990,872,866,858
index,762,771,796,1035,777,884,645,740,743,798
index,763,666,841,214,1001,552,935,1172,863,1113
index,764,325,471,1061,428,472,483,857,351,1305
index,765,825,966,811,968,867,761,770,810,754
index,766,665,0,759,835,983,917,482,880,844
index,767,504,768,884,214,713,723,552,1112,1113
index,768,776,767,778,1170,989,1343,663,863,784
index,769,930,745,979,1102,967,733,612,676,1090
index,770,1034,867,1027,771,743,1072,132,961,966
index,771,754,1034,743,761,762,770,760,867,910
index,772,740,874,745,760,1035,758,1041,332,1010
index,773,1065,1176,872,938,609,383,1014,1017,1180
index,774,776,899,398,881,850,863,778,723,768
index,775,52,1307,958,102,1308,85,1347,191,318
index,776,768,784,863,774,791,796,777,850,552
index,777,796,778,798,784,981,793,1113,799,214
index,778,798,796,777,850,799,784,723,1329,1170
index,779,147,238,16,193,237,231,976,248,503
index,780,783,839,872,866,1118,994,885,1176,1117
index,781,959,531,144,957,306,1340,637,940,556
index,782,148,1032,772,652,745,708,690,913,823
index,783,780,1118,839,994,1116,1062,872,784,937
index,784,1113,1112,552,796,1060,777,1118,214,453
index,785,540,872,99,990,812,609,613,314,274
index,786,487,518,126,453,127,436,328,1035,314
index,787,793,962,981,952,1071,796,988,777,763
index,788,935,1329,1170,1169,723,850,1045,798,1074
index,789,895,791,790,1040,881,479,214,896,1076
index,790,895,791,1040,896,898,552,401,214,789
index,791,1040,895,790,1112,552,1113,214,575,896
index,792,1040,896,895,791,790,898,1112,918,552
index,793,761,795,981,866,796,777,787,784,867
index,794,676,666,1113,763,214,412,1001,896,935
index,795,761,793,872,866,743,839,867,990,858
index,796,777,778,798,784,981,793,1113,799,214
index,797,550,963,1011,883,840,999,653,1013,993
index,798,778,796,777,850,784,799,1329,723,1170
index,799,778,798,796,777,743,479,401,830,829
index,800,938,872,1117,840,653,1011,906,994,1013
index,801,85,1017,966,1038,1012,872,795,1105,1013
index,802,1143,803,878,306,556,1022,1347,945,1194
index,803,1148,802,878,894,1340,306,556,299,1157
index,804,214,1172,763,1166,1001,1008,990,1005,838
index,805,807,810,811,825,968,826,966,765,852
index,806,856,1054,280,1102,623,688,676,718,619
index,807,805,811,968,825,826,810,765,966,1100
index,808,823,12,343,445,985,438,164,221,561
index,809,987,779,232,237,1056,1026,231,1025,265
index,810,825,811,805,966,826,765,807,968,1025
index,811,810,825,807,765,805,1100,826,752,968
index,812,990,1118,1116,540,453,872,59,99,314
index,813,441,653,784,1001,552,1076,898,1113,384
index,814,139,404,158,94,195,561,234,913,221
index,815,834,822,735,833,1326,958,157,1158,923
index,816,702,830,573,899,771,278,1158,817,602
index,817,621,816,637,829,771,185,830,602,757
index,818,1322,614,750,975,915,577,398,792,1085
index,819,503,832,147,1027,626,779,770,1097,1142
index,820,112,1336,141,849,540,939,985,851,139
index,821,723,1304,728,719,743,795,1100,754,41
index,822,19,815,1135,944,60,1098,1158,1317,1136
index,823,1032,913,429,985,846,808,1178,812,664
index,824,722,922,1026,987,749,232,833,551,734
index,825,810,826,765,966,1025,811,807,968,805
index,826,825,810,807,805,752,1100,156,907,811
index,827,59,214,401,1140,1107,223,1315,882,783
index,828,1186,59,577,812,995,1116,1125,540,97
index,829,830,743,778,796,777,798,799,879,479
index,830,829,743,479,777,899,602,796,1047,799
index,831,325,414,547,1007,478,1064,328,1306,434
index,832,819,503,147,779,708,16,943,748,1035
index,833,834,922,735,828,1236,722,1242,993,1052
index,834,833,815,922,735,958,993,60,734,1236
index,835,560,874,570,561,755,745,192,199,967
index,836,577,1125,838,839,1313,1347,1169,1309,614
index,837,1072,795,1105,1038,965,393,1243,1101,1034
index,838,872,839,1166,713,1001,990,935,804,784
index,839,872,780,1166,885,783,838,866,1001,1118
index,840,1166,938,839,653,1011,1017,883,1117,1113
index,841,763,859,417,962,787,798,778,860,893
index,842,937,1118,1097,783,996,453,359,472,994
index,843,1072,699,1325,866,1038,858,157,19,825
index,844,676,1054,205,857,1201,705,1305,967,454
index,845,552,479,417,602,1045,1049,590,1101,863
index,846,227,1327,1000,823,1036,59,1242,749,376
index,847,983,452,965,1050,1065,999,1166,1016,773
index,848,1045,830,959,417,771,743,1079,479,1101
index,849,686,187,1018,851,320,1252,857,142,741
index,850,778,798,784,723,935,1112,768,776,1329
index,851,577,540,614,921,274,714,889,882,142
index,852,994,866,872,713,996,780,783,1013,64
index,853,1352,138,454,593,124,305,1146,1088,861
index,854,73,857,877,349,663,1323,750,1062,783
index,855,676,663,750,882,352,614,504,577,859
index,856,967,741,806,1165,185,760,676,859,762
index,857,663,1061,676,43,1062,783,351,1059,73
index,858,761,795,1085,132,866,1034,793,743,778
index,859,841,860,763,1091,479,676,1075,967,1165
index,860,1091,763,960,619,676,896,504,863,841
index,861,741,390,877,205,849,853,844,305,138
index,862,865,732,1264,1274,729,584,1100,639,719
index,863,552,1160,763,776,784,676,590,214,896
index,864,452,391,983,170,50,424,376,1297,965
index,865,732,862,729,971,1264,978,584,1274,970
index,866,867,793,872,780,795,839,852,761,783
index,867,761,866,734,793,795,981,743,770,1034
index,868,679,1246,313,861,185,741,138,124,640
index,869,873,504,676,884,857,877,714,767,1305
index,870,1014,1016,989,988,723,1065,1170,784,41
index,871,839,728,885,1067,1071,795,793,780,783
index,872,839,838,780,1118,990,795,1117,994,938
index,873,869,504,884,1258,857,767,676,723,706
index,874,738,877,860,745,896,933,1062,504,740
index,875,328,174,219,842,1097,770,867,515,730
index,876,706,43,174,1017,328,1304,966,793,857
index,877,676,504,741,874,857,276,854,1062,663
index,878,945,1081,1143,774,881,803,1085,556,507
index,879,899,556,959,829,1076,789,1080,878,1340
index,880,110,257,429,897,708,74,98,955,345
index,881,778,798,1076,1170,1040,774,863,789,768
index,882,715,1116,1118,1062,896,504,663,676,738
index,883,653,839,798,778,900,963,1040,1113,840
index,884,714,896,1113,723,798,90,504,1112,778
index,885,1180,839,1065,1118,989,783,1117,1181,577
index,886,609,351,314,453,406,472,356,471,964
index,887,793,796,981,777,784,1101,132,798,778
index,888,1058,1151,1054,389,390,574,68,585,582
index,889,577,915,1254,614,1311,1310,914,921,141
index,890,715,214,763,465,552,666,1001,863,398
index,891,841,417,893,1115,763,744,479,304,859
index,892,0,158,257,759,665,139,880,766,25
index,893,417,552,763,304,841,739,1111,214,1091
index,894,1164,803,1159,1022,507,752,945,1100,878
index,895,896,1040,898,552,790,214,1112,791,1113
index,896,895,504,1040,676,552,1112,214,1113,884
index,897,200,1031,1019,123,0,1237,112,94,951
index,898,895,1040,552,1112,896,784,1001,900,1111
index,899,1045,479,737,401,774,778,959,879,1329
index,900,1040,898,896,1076,1329,895,1112,899,714
index,901,902,734,707,576,550,852,912,699,866
index,902,1335,156,1334,16,901,1326,944,1098,583
index,903,906,996,424,1244,925,256,994,365,842
index,904,680,808,560,221,1019,476,486,1130,438
index,905,1096,1,197,109,1127,726,204,277,932
index,906,1013,903,1318,675,999,424,372,1011,965
index,907,870,962,729,981,754,132,768,743,850
index,908,456,125,360,318,931,202,471,369,450
index,909,921,1083,1076,577,1140,915,264,1311,818
index,910,771,754,751,830,743,602,829,1034,1035
index,911,132,935,788,884,966,795,714,761,1320
index,912,966,911,103,1038,974,968,965,157,972
index,913,823,429,814,139,195,782,984,1177,1032
index,914,915,577,889,540,1311,1254,1248,1247,1246
index,915,577,914,663,889,750,1254,921,1076,712
index,916,569,596,1057,1073,1141,54,335,456,322
index,917,721,844,205,0,665,361,570,454,283
index,918,896,614,1040,504,895,714,790,792,398
index,919,318,127,456,380,483,471,126,908,931
index,920,437,318,456,908,471,191,1064,422,125
index,921,577,1083,889,1310,851,915,1311,712,504
index,922,726,833,993,1147,749,1111,622,924,834
index,923,754,749,1085,907,858,1034,735,826,589
index,924,878,46,922,84,789,1147,1316,20,1326
index,925,256,1244,64,994,97,937,93,996,480
index,926,812,933,1005,937,713,715,954,1167,726
index,927,619,863,776,850,768,1322,935,623,684
index,928,899,1322,1075,401,1143,774,878,319,1347
index,929,882,950,1076,899,676,750,1045,959,934
index,930,769,1102,612,967,676,745,504,1090,933
index,931,369,360,456,125,432,908,359,180,318
index,932,46,1344,1075,296,507,465,1068,1322,788
index,933,934,860,967,874,745,276,612,882,930
index,934,933,528,882,967,676,1262,504,651,602
index,935,728,763,214,788,1169,552,1001,666,778
index,936,518,779,864,459,786,248,376,233,626
index,937,783,1118,780,872,996,713,866,1315,1172
index,938,1017,872,1117,1180,1166,773,383,965,999
index,939,1247,736,540,1129,112,820,1246,141,75
index,940,956,957,959,637,52,89,531,60,1286
index,941,1131,249,14,379,49,260,166,1098,254
index,942,315,36,462,444,436,507,512,401,1171
index,943,147,503,757,1027,603,16,309,232,961
index,944,1098,143,941,260,291,249,1234,1131,1043
index,945,878,556,752,928,894,1022,1194,1081,802
index,946,950,1169,1329,1305,1347,1045,798,88,778
index,947,1338,130,1195,825,45,248,92,1350,49
index,948,949,315,1171,462,354,942,1329,1068,1040
index,949,948,1068,507,462,315,1001,1171,942,1081
index,950,946,1045,1079,1052,959,755,1081,899,264
index,951,1151,593,96,124,263,121,205,327,138
index,952,787,1006,1095,1023,960,1005,804,1115,304
index,953,360,127,472,931,369,720,432,529,100
index,954,726,715,1111,926,893,304,995,994,1089
index,955,1102,733,676,930,769,160,1019,1324,967
index,956,940,52,959,957,60,1347,1047,879,1084
index,957,959,940,1081,1079,1347,531,1238,40,60
index,958,1079,52,1307,775,792,99,1347,1081,950
index,959,957,940,1081,531,1045,1079,899,956,950
index,960,1091,860,1095,304,952,763,804,439,1008
index,961,770,1034,1115,867,385,366,761,771,232
index,962,743,981,787,723,417,793,841,728,1071
index,963,1063,1001,1111,990,1006,993,1166,1115,653
index,964,351,575,315,886,453,512,401,942,356
index,965,999,1016,938,1017,966,1166,981,452,1013
index,966,968,912,981,825,1038,965,876,765,1017
index,967,1102,979,930,741,276,676,769,651,528
index,968,966,807,765,825,1038,810,770,132,805
index,969,970,972,976,971,980,186,974,978,509
index,970,969,976,972,971,980,978,974,509,186
index,971,972,970,973,976,974,980,969,186,978
index,972,971,974,969,970,976,973,978,980,186
index,973,974,971,972,978,976,970,238,977,980
index,974,972,973,978,971,976,970,969,980,977
index,975,258,1065,942,1014,512,1170,436,218,354
index,976,970,969,972,971,980,974,978,973,186
index,977,974,973,972,978,971,912,79,186,969
index,978,974,972,970,971,976,973,969,980,977
index,979,769,733,967,671,630,1102,566,745,580
index,980,970,976,971,972,969,974,978,973,509
index,981,1071,796,793,990,1023,777,761,132,988
index,982,168,686,1018,447,1252,428,1122,386,849
index,983,452,847,864,391,1050,50,965,314,393
index,984,738,985,874,1121,1109,1178,540,1116,97
index,985,540,984,738,1116,360,812,445,97,99
index,986,490,553,269,564,336,764,471,142,318
index,987,1026,232,961,385,413,779,631,267,664
index,988,990,1067,1071,1172,989,1068,1023,1166,1001
index,989,870,988,663,885,1014,1113,1065,784,713
index,990,988,1001,1063,1166,872,981,784,761,214
index,991,283,572,1173,803,1159,721,659,1274,1300
index,992,1170,41,723,1017,852,1320,1046,1255,1304
index,993,1111,1011,963,228,898,1063,1101,59,922
index,994,872,64,1118,780,783,1117,852,996,63
index,995,1118,996,994,1116,64,1186,256,783,97
index,996,994,995,1118,64,783,780,937,1117,872
index,997,236,485,731,484,497,1351,116,494,457
index,998,1018,73,1176,908,142,141,456,379,349
index,999,1013,965,1011,1050,1012,1063,938,1166,1017
index,1000,1020,60,1101,1063,887,76,42,963,956
index,1001,1023,214,990,1166,1111,1071,1172,1067,1113
index,1002,1081,1170,870,778,798,1080,988,59,850
index,1003,1178,812,257,230,885,274,839,1008,990
index,1004,1005,885,780,1118,1176,255,1033,1117,256
index,1005,1004,804,1091,885,1166,952,713,1001,990
index,1006,367,1063,952,1023,963,1166,999,1111,990
index,1007,1009,1061,371,998,256,994,471,1244,1018
index,1008,304,763,804,1091,893,860,960,1115,417
index,1009,1007,471,377,1018,994,428,406,1197,360
index,1010,1049,758,1060,1048,882,1062,874,796,777
index,1011,999,1063,1013,1012,993,228,963,1006,1050
index,1012,999,1013,990,1011,981,1166,1063,1105,872
index,1013,872,999,675,1097,1012,1118,1017,1011,990
index,1014,1016,1065,870,989,773,452,1180,1017,383
index,1015,873,406,869,1082,350,666,351,911,1003
index,1016,1014,870,1065,41,965,1017,989,1170,1180
index,1017,938,1117,1176,872,706,773,1166,1016,965
index,1018,998,73,142,141,428,908,1176,1122,349
index,1019,139,221,195,680,1336,955,112,560,561
index,1020,1000,42,229,1101,241,1163,631,76,270
index,1021,996,381,1244,484,378,524,697,365,256
index,1022,763,1068,841,1023,949,1075,597,728,878
index,1023,1067,1068,1001,1071,1172,1070,1069,981,988
index,1024,82,1044,1043,1073,1057,1307,102,364,95
index,1025,1026,825,770,756,1038,300,83,867,810
index,1026,1025,232,385,770,987,867,1072,961,265
index,1027,770,83,626,309,819,503,1034,747,911
index,1028,970,969,980,976,972,971,194,978,1348
index,1029,466,344,612,467,161,357,25,560,508
index,1030,328,132,1097,1314,71,988,518,1243,770
index,1031,200,897,669,0,343,195,541,951,429
index,1032,823,812,772,472,89,782,1036,257,192
index,1033,1180,1170,206,189,383,1065,988,1320,938
index,1034,771,770,1072,743,867,754,761,795,858
index,1035,762,1036,645,771,332,770,747,453,740
index,1036,1035,730,453,376,1072,749,265,401,288
index,1037,90,706,1046,714,142,1017,471,1074,1018
index,1038,1085,966,132,866,1074,858,968,393,1046
index,1039,974,978,972,44,1123,1026,973,976,970
index,1040,895,1112,896,898,791,790,1001,214,552
index,1041,1008,772,717,578,304,619,1035,859,841
index,1042,481,502,1123,181,413,499,514,440,260
index,1043,1308,1131,65,494,1024,66,114,95,85
index,1044,249,95,66,65,396,1179,379,250,79
index,1045,899,214,784,132,737,1169,401,796,1081
index,1046,1037,706,1038,90,1017,998,966,1350,1018
index,1047,830,829,1085,1045,962,132,52,1081,602
index,1048,417,1049,981,1115,963,479,1094,796,777
index,1049,1048,479,552,1115,893,1010,1101,417,896
index,1050,999,1166,1063,228,990,241,1180,1011,609
index,1051,1063,241,1081,990,1001,963,1050,1111,1055
index,1052,950,1079,264,1081,59,1076,1077,89,1125
index,1053,1186,125,335,931,697,480,202,256,471
index,1054,844,1102,676,769,967,246,705,1201,1142
index,1055,784,898,1107,1081,552,1109,1040,1001,990
index,1056,770,907,1300,338,521,265,1002,194,208
index,1057,1318,497,371,1308,65,252,318,64,396
index,1058,1091,787,1095,893,552,417,725,990,1005
index,1059,1062,1060,1061,88,1118,783,472,784,857
index,1060,1062,1059,784,88,1061,1118,1063,783,384
index,1061,1059,88,471,1062,1060,857,483,1118,142
index,1062,1059,1060,1118,1116,1061,88,784,783,857
index,1063,990,963,1001,1060,1111,1166,999,1011,839
index,1064,440,251,920,422,14,166,302,325,174
index,1065,1014,1180,773,383,315,1016,885,351,189
index,1066,699,867,1034,1101,132,761,1072,376,1097
index,1067,1071,1070,1069,1172,1068,1023,988,1001,507
index,1068,1067,1023,1070,1071,1069,1001,988,507,1172
index,1069,1071,1070,1067,1172,1068,1023,507,1001,988
index,1070,1069,1067,1071,1068,1023,1172,1001,383,1166
index,1071,1069,1067,1070,1172,1023,1068,1001,988,981
index,1072,1034,1101,837,393,376,1105,770,867,858
index,1073,1307,327,1309,1083,102,1310,311,698,202
index,1074,1085,132,1076,1045,1081,90,384,788,88
index,1075,1068,841,401,1164,539,928,507,407,942
index,1076,88,784,1081,577,1040,1181,1329,59,1125
index,1077,1001,1111,1081,59,1107,1079,1071,1023,214
index,1078,902,282,51,265,268,104,943,16,1348
index,1079,1081,898,959,1045,59,1076,950,1329,957
index,1080,1170,1329,1238,40,1076,798,778,1255,881
index,1081,1079,1076,59,1001,1045,959,20,957,898
index,1082,676,860,882,684,619,896,855,504,392
index,1083,921,1076,264,483,1125,351,1116,577,1061
index,1084,1085,1087,1137,1304,956,538,52,426,523
index,1085,132,1074,858,798,778,1045,743,1081,1038
index,1086,401,512,59,495,1045,453,789,1077,214
index,1087,1304,1085,43,40,798,127,1170,1320,328
index,1088,122,1146,1129,138,58,124,120,853,121
index,1089,612,466,933,739,1107,984,726,738,1029
index,1090,1142,160,1102,745,930,769,552,702,528
index,1091,860,960,763,841,804,1005,893,859,1095
index,1092,963,1001,804,214,1111,838,836,1125,1315
index,1093,1334,912,103,1026,699,1072,693,1087,19
index,1094,1048,1115,961,1111,1006,891,770,981,1100
index,1095,952,960,417,304,1091,893,841,1023,1068
index,1096,416,362,106,235,111,1127,1250,109,197
index,1097,675,1013,393,302,425,314,219,434,376
index,1098,944,143,941,291,249,1234,260,1131,1043
index,1099,1005,304,1008,1006,952,839,1069,1178,804
index,1100,719,723,962,907,743,728,1068,752,894
index,1101,132,1072,981,1063,1001,867,1111,887,1000
index,1102,967,930,676,769,979,504,733,745,623
index,1103,1104,184,73,201,140,95,75,379,998
index,1104,1103,140,184,1017,152,318,73,1016,965
index,1105,393,1013,1012,1118,89,1063,1072,999,1006
index,1106,1005,137,1004,1178,839,1315,1325,1099,255
index,1107,1109,784,1001,214,1111,552,990,783,1118
index,1108,515,328,799,742,547,1175,493,218,875
index,1109,1107,1055,1116,467,812,898,882,950,320
index,1110,1109,1055,1107,320,784,264,1062,1113,1001
index,1111,1001,1063,1077,963,898,990,1023,1107,993
index,1112,1113,1040,784,895,552,896,214,791,1001
index,1113,1112,784,214,1001,1172,896,1071,981,1067
index,1114,1126,332,772,979,745,234,747,1035,760
index,1115,963,417,1048,1049,893,1111,304,952,1008
index,1116,1118,142,1125,88,1062,360,783,97,540
index,1117,1118,872,938,1176,994,1017,713,885,63
index,1118,1116,783,1062,88,872,1117,784,780,994
index,1119,470,422,260,341,14,251,143,524,1064
index,1120,205,857,1258,873,975,1061,705,741,1305
index,1121,984,985,1219,540,745,1360,1109,1052,1110
index,1122,1018,712,141,1254,998,252,1168,577,73
index,1123,499,502,260,1042,1318,1131,497,186,193
index,1124,318,56,360,456,327,908,1247,380,931
index,1125,1116,577,483,714,351,1118,142,264,1313
index,1126,1114,332,234,979,745,769,772,1324,747
index,1127,109,108,1259,111,1258,750,266,1304,1321
index,1128,112,215,252,939,1057,54,105,152,1309
index,1129,736,220,122,1336,1247,120,1088,1246,121
index,1130,1175,547,453,720,351,476,100,425,434
index,1131,941,249,79,499,1043,254,260,143,1044
index,1132,195,404,112,561,139,94,560,242,814
index,1133,52,51,946,1347,1313,1256,1322,78,668
index,1134,1304,49,1098,460,944,941,1317,1131,513
index,1135,1317,1240,1255,40,60,1335,1080,1239,1136
index,1136,1135,19,957,879,144,959,301,956,60
index,1137,1084,1238,1143,1169,36,401,942,1347,407
index,1138,123,922,1073,301,1024,1147,901,322,569
index,1139,1238,40,88,1305,638,784,1076,223,453
index,1140,400,223,1238,959,1139,401,264,278,1143
index,1141,335,311,731,329,91,326,93,484,457
index,1142,1090,959,602,967,637,1102,185,638,702
index,1143,1169,1347,1045,401,935,427,464,507,36
index,1144,60,156,1327,385,376,265,749,957,735
index,1145,1194,1340,1157,1148,144,702,556,959,1335
index,1146,1088,853,122,58,1129,138,454,593,121
index,1147,1149,59,828,922,20,1081,881,924,1079
index,1148,1340,1157,702,1194,610,1343,803,1238,144
index,1149,1147,828,54,59,53,648,1236,1310,277
index,1150,131,99,1313,1236,318,380,142,483,1125
index,1151,951,1054,746,390,94,96,234,570,392
index,1152,367,937,783,1005,1060,1095,624,1142,1320
index,1153,425,126,477,472,1241,310,317,434,1042
index,1154,1332,1335,155,1194,1343,689,1340,687,662
index,1155,1340,702,1194,566,1305,1335,1343,144,363
index,1156,1194,703,1340,1332,1155,689,1154,1335,1145
index,1157,1340,1148,1145,144,959,1194,957,1347,556
index,1158,1194,1347,1340,1047,1148,1143,899,278,306
index,1159,894,572,1344,597,803,1148,1022,991,1343
index,1160,552,863,666,214,935,981,578,597,723
index,1161,1016,1014,773,1065,1017,1176,1180,870,43
index,1162,1076,528,737,784,882,1045,755,1107,577
index,1163,1020,229,1101,76,367,1000,487,397,963
index,1164,507,1067,1069,1172,1023,407,1068,1071,1075
index,1165,859,967,1174,856,1060,741,841,676,528
index,1166,1001,990,839,1067,872,988,838,1023,1071
index,1167,715,577,1118,1172,713,214,1323,882,1125
index,1168,1254,72,915,914,95,54,1248,73,1247
index,1169,1329,1170,798,778,1045,935,777,1238,728
index,1170,1238,1080,1180,1169,723,798,778,1329,1113
index,1171,942,948,315,949,462,507,512,1180,935
index,1172,1071,1067,1069,214,1001,1023,1070,988,1113
index,1173,768,452,283,1171,870,1080,70,942,1238
index,1174,859,1091,860,1165,960,1008,967,479,741
index,1175,609,1130,453,314,351,720,476,575,493
index,1176,73,1117,1017,773,998,780,206,64,872
index,1177,739,725,745,209,1262,893,1055,1089,726
index,1178,994,540,839,812,872,780,996,97,1117
index,1179,66,79,65,95,1044,379,249,1244,48
index,1180,1065,315,885,938,189,1170,609,872,1181
index,1181,99,73,885,1180,318,1065,97,1116,1125
index,1182,484,168,1168,154,311,329,731,1351,73
index,1183,1192,1289,1294,1293,28,30,917,1280,10
index,1184,1280,1196,1267,28,1215,10,1192,1270,1289
index,1185,1358,1191,1190,1285,1263,1268,1192,1261,284
index,1186,360,125,202,697,351,1125,380,359,931
index,1187,1271,1299,1292,1200,5,1204,1202,32,34
index,1188,1233,1210,1356,1263,1362,1260,1193,1293,1200
index,1189,345,110,259,378,222,38,228,230,1
index,1190,33,1292,21,1282,1279,1277,1296,1361,6
index,1191,769,930,1358,933,844,967,1285,745,741
index,1192,1183,1285,1289,8,1184,1217,1287,9,844
index,1193,1229,1287,1210,32,1211,1215,1207,1289,28
index,1194,1145,1340,1148,144,1335,1156,702,1143,1157
index,1195,49,1351,1338,1350,1304,639,1335,155,947
index,1196,34,1209,1184,1199,4,1204,1215,1293,1303
index,1197,473,350,360,418,351,127,483,529,125
index,1198,4,1229,34,1210,1193,1215,1199,1214,1204
index,1199,1204,1215,5,6,1211,1202,8,1209,1216
index,1200,1211,13,1222,4,1287,1204,1187,1232,1193
index,1201,844,1054,857,854,1252,877,205,1305,764
index,1202,1207,1205,1216,1199,1211,1260,6,10,1210
index,1203,1205,1206,1210,1222,1193,1223,1284,1209,1199
index,1204,1199,6,1215,8,5,26,1207,33,1205
index,1205,1203,1214,1202,1271,1218,1210,1204,1223,1206
index,1206,1203,10,1205,1267,1210,1202,1207,1216,1209
index,1207,1202,1193,1204,1199,1216,10,1209,1206,1198
index,1208,288,959,957,940,1341,1142,223,400,294
index,1209,10,34,1196,1199,1270,1303,1203,1205,1207
index,1210,1193,1188,1229,1271,1205,1203,32,1202,1216
index,1211,1287,1215,4,1200,1193,898,613,1199,1272
index,1212,6,1211,5,1199,1292,4,1216,1215,8
index,1213,844,688,718,283,1259,197,1201,1120,705
index,1214,1205,1216,6,1293,1202,1198,1199,1229,1210
index,1215,1199,1211,5,1204,8,1193,4,32,1210
index,1216,1293,1202,1211,1199,1214,1207,1272,1210,6
index,1217,1223,1211,33,1279,1192,1273,13,1200,1287
index,1218,1205,1222,1284,32,1210,1203,1206,1200,1193
index,1219,500,348,199,221,1121,985,327,264,560
index,1220,13,4,1222,1265,1211,15,6,1295,1223
index,1221,1223,1260,77,139,1269,244,33,131,375
index,1222,1200,1203,1220,1218,4,1198,1193,1211,1210
index,1223,1217,1205,1203,1202,15,26,1220,1211,1214
index,1224,1348,969,970,130,210,976,509,980,972
index,1225,50,248,275,1030,936,518,92,1097,662
index,1226,759,195,1277,1280,1028,438,1231,808,357
index,1227,1261,1294,1358,1268,1267,1301,1298,1361,1228
index,1228,1294,10,7,1232,1206,1216,32,1263,1209
index,1229,1193,1210,1198,1362,28,1214,1203,1202,942
index,1230,230,1186,1053,697,113,1244,360,378,995
index,1231,28,1280,1289,1264,729,1193,1274,1293,1226
index,1232,1301,1263,1357,1200,1260,1261,1228,1361,1292
index,1233,1188,1260,1356,1355,1271,1263,1362,1283,6
index,1234,155,143,941,87,1351,753,92,662,291
index,1235,292,542,338,589,894,147,511,1335,16
index,1236,1309,1313,1310,1307,577,99,1125,54,1124
index,1237,559,1019,897,158,200,561,195,1054,94
index,1238,1170,1139,1243,464,1169,1080,1255,1314,1045
index,1239,1317,1238,87,1314,1135,458,275,1240,1243
index,1240,1323,1135,40,1167,1255,127,1315,1087,1305
index,1241,476,47,1319,181,413,1308,228,262,425
index,1242,380,433,931,89,213,476,369,1244,360
index,1243,1238,988,1180,1170,507,1314,1071,1172,1067
index,1244,256,125,255,81,381,379,484,925,931
index,1245,1168,1338,1251,109,1304,143,72,107,1351
index,1246,1247,914,131,318,1168,915,456,1311,56
index,1247,1254,75,56,908,141,360,456,1311,73
index,1248,1254,577,1323,142,1311,1116,1321,56,914
index,1249,454,1201,284,1129,844,96,205,593,857
index,1250,106,1080,689,78,1154,157,1317,637,702
index,1251,1245,109,1321,111,1127,1320,1254,1304,72
index,1252,686,428,168,720,764,982,514,849,154
index,1253,525,486,344,1349,438,500,953,100,325
index,1254,1247,141,1248,889,577,1321,72,1310,712
index,1255,1320,1170,784,1238,399,1317,1181,577,59
index,1256,1313,1307,1320,1347,61,946,137,314,40
index,1257,729,1304,1258,639,45,1338,271,46,978
index,1258,1259,873,1321,915,869,1304,90,818,857
index,1259,1258,1127,1321,750,854,1248,1305,1323,915
index,1260,1290,1263,1261,1233,10,1302,1265,1354,1202
index,1261,1260,1267,1290,1355,1263,1270,1227,10,1265
index,1262,934,967,930,651,1102,933,1177,417,552
index,1263,1260,1232,1188,1233,1261,10,1290,1267,1301
index,1264,862,865,1274,732,980,971,729,639,147
index,1265,1282,26,1361,1260,1266,13,1261,1220,1292
index,1266,1270,1355,1267,1354,1359,1265,34,1290,27
index,1267,1261,1266,10,1290,1263,1270,1206,1260,1184
index,1268,1361,1301,161,357,1298,1273,1358,7,1227
index,1269,33,1292,1361,1282,1357,6,1265,1233,1277
index,1270,1266,1355,1282,10,1290,1209,1261,22,1260
index,1271,32,1187,5,1233,1205,1210,1356,6,1193
index,1272,1211,1295,1279,13,1216,1199,6,1282,1361
index,1273,1277,1279,33,1282,1361,26,1301,21,6
index,1274,862,865,1264,732,991,1300,584,980,806
index,1275,80,251,300,302,225,440,179,186,1064
index,1276,1312,300,1275,232,1334,48,250,16,1026
index,1277,1273,1357,33,1301,1282,1361,6,30,1190
index,1278,1298,11,1279,745,466,1273,21,139,592
index,1279,21,11,1273,1361,23,1298,1278,13,33
index,1280,1289,28,1231,1294,1184,1357,1356,1293,1193
index,1281,9,1211,1293,1207,1287,1362,1202,4,1204
index,1282,21,1361,26,1273,1277,1299,13,1265,33
index,1283,1299,1233,1303,6,1282,33,5,1190,1292
index,1284,1203,32,1218,1193,1215,1205,1210,1206,1198
index,1285,844,1191,1192,8,1252,982,764,769,676
index,1286,471,127,288,411,126,125,472,47,1097
index,1287,1211,1193,32,9,1200,1289,15,5,1216
index,1288,307,1079,148,570,683,618,1090,1151,392
index,1289,28,1280,1293,1231,9,1193,1183,1287,1294
index,1290,1260,1354,1355,1270,1261,1267,1266,1233,1263
index,1291,23,124,1298,1361,344,138,525,593,861
index,1292,1299,1269,6,33,1187,1271,1282,1190,5
index,1293,1216,1289,9,1303,4,1193,34,28,6
index,1294,1228,1280,1183,1289,10,1227,1165,28,1270
index,1295,1272,1211,1299,26,1303,1220,6,1292,4
index,1296,30,1357,33,1190,1358,1301,1277,1361,6
index,1297,546,219,14,411,502,931,180,125,1308
index,1298,23,1361,21,344,1278,438,592,508,195
index,1299,1283,6,1292,26,33,1282,1187,5,1295
index,1300,907,1056,770,338,1030,870,962,1027,1274
index,1301,1357,1277,1232,1361,1268,1273,1263,1282,1265
index,1302,6,1260,10,1271,1233,1361,1292,1261,5
index,1303,4,9,1293,34,13,1299,1209,1355,1282
index,1304,1320,1321,1087,43,1338,876,40,1085,140
index,1305,88,1139,857,1076,1061,676,946,1083,764
index,1306,43,1305,1304,1087,330,1061,857,325,1064
index,1307,1313,1310,1309,97,99,1311,577,318,85
index,1308,191,125,497,114,311,180,697,102,291
index,1309,1310,1307,1313,1311,577,1236,889,99,55
index,1310,1309,1307,577,1311,1313,54,1247,1236,56
index,1311,577,1310,1313,540,1309,1307,1247,56,889
index,1312,601,300,825,968,867,966,1276,603,810
index,1313,1307,577,1310,99,1311,142,1309,97,1125
index,1314,59,89,76,1315,81,1238,1243,88,784
index,1315,1314,937,866,812,1172,839,59,793,1118
index,1316,1243,1238,1314,507,924,878,36,1315,1317
index,1317,1255,1238,40,1135,1170,1080,1239,1304,1314
index,1318,272,371,368,440,256,1013,675,424,79
index,1319,413,675,544,448,1241,262,1308,270,1097
index,1320,1321,1304,314,872,1180,41,90,1170,989
index,1321,1320,1323,1254,141,1176,90,1304,73,577
index,1322,401,942,1329,790,1169,928,900,464,1170
index,1323,1240,1321,1248,1320,577,1118,915,783,88
index,1324,1336,314,577,1116,1102,360,540,738,99
index,1325,1313,1304,1320,1317,1307,1321,513,1106,1255
index,1326,1327,60,878,1143,924,172,449,622,448
index,1327,1242,60,376,735,544,1326,1036,536,1144
index,1328,789,1023,749,935,214,1001,20,878,479
index,1329,1169,798,778,1170,1080,1076,788,1347,1320
index,1330,359,369,360,1314,1244,1186,223,931,222
index,1331,1334,902,16,1335,156,1093,300,1338,1195
index,1332,1154,155,1335,1343,1156,1194,611,662,1334
index,1333,1236,985,1309,1311,1313,1219,680,348,99
index,1334,1335,16,157,300,1338,1093,156,155,1304
index,1335,1154,1332,1194,1334,1148,156,1340,1317,275
index,1336,1324,851,540,1247,1129,1122,577,360,1116
index,1337,288,401,278,319,1079,1347,899,1169,755
index,1338,1304,49,1334,166,1351,45,1195,251,143
index,1339,647,1340,60,1335,1136,449,1317,1148,879
index,1340,1148,1157,144,1194,556,1145,702,803,306
index,1341,543,959,401,1081,288,376,522,942,899
index,1342,1161,1334,44,912,424,64,773,965,1318
index,1343,1344,768,1148,778,798,1160,776,763,935
index,1344,1343,1172,597,728,666,1070,988,1071,942
index,1345,1351,997,155,324,1332,1154,1195,470,485
index,1346,1178,230,137,99,89,1244,97,256,85
index,1347,1329,1169,40,1143,798,1170,1045,778,1085
index,1348,303,542,509,970,210,211,130,1224,147
index,1349,1305,946,525,950,1253,812,1109,740,284
index,1350,1351,1046,1304,43,912,1195,1338,1306,1087
index,1351,1350,116,95,485,1195,49,1304,1308,79
index,1352,853,138,124,454,593,1088,1146,158,642
index,1353,6,10,1214,1272,13,33,1263,1273,27
index,1354,1290,1266,34,1260,1359,1355,22,27,1233
index,1355,1266,1233,1270,22,1290,1356,1261,1303,1354
index,1356,1233,1188,1271,1355,1293,1289,1280,1358,1357
index,1357,1301,1277,1361,33,1296,1232,1269,1292,1280
index,1358,1191,1298,701,23,930,1227,1361,951,592
index,1359,1266,1354,1303,1355,1290,1293,34,1270,1272
index,1360,555,985,500,1121,322,1116,441,984,1052
index,1361,21,1298,1282,1268,1279,23,33,7,814
index,1362,1188,1233,1193,1229,1260,1271,1293,1281,1359
