,0,1,2,3,4,5,6,7,8,9,10,11,12,13,14
0,0,665,766,917,158,454,886,1151,96,1054,897,352,257,844,759
1,1,1189,571,708,278,955,1090,345,624,935,1147,160,110,332,695
2,2,14,1297,291,316,460,336,269,256,1064,996,422,114,1053,359
3,3,426,1084,405,1338,1275,538,300,1257,506,535,822,523,80,156
4,4,1211,1198,1303,1220,1215,1293,9,1200,13,6,1193,1222,34,1196
5,5,8,1199,1215,6,33,1271,1211,1204,1299,32,1292,1287,1293,1193
6,6,33,1299,5,1204,1302,1199,8,34,1212,26,1292,1233,1211,13
7,7,1361,900,1228,441,898,1211,701,1357,1292,1282,26,1301,1268,1260
8,8,5,33,1215,6,1204,1199,1211,428,351,320,88,471,1287,1305
9,9,1289,1293,1303,1287,4,28,1202,1281,1216,1211,1193,6,1355,1356
10,10,1228,1260,1209,34,29,1206,1270,1267,1263,1202,1294,1302,1207,1353
11,11,1279,1278,221,745,21,139,1298,913,195,344,438,823,680,985
12,12,221,445,985,745,139,360,1324,257,99,1336,540,314,680,812
13,13,1220,33,1282,1279,1200,6,1211,1272,1303,15,4,1199,1361,1265
14,14,249,1297,1064,546,291,440,422,379,256,272,166,79,524,920
15,15,745,13,1211,558,1287,1223,1220,755,21,1272,1203,1279,874,1200
16,16,117,779,1334,300,971,973,186,268,179,237,972,970,183,271
17,17,855,755,398,769,950,750,918,614,715,818,504,921,528,899
18,18,66,596,65,607,1318,64,1117,371,608,63,1179,379,1044,255
19,19,822,1136,156,1317,1135,60,924,1093,52,49,301,1147,1084,902
20,20,1081,1079,1322,1076,1112,1169,1045,898,59,784,1001,900,878,552
21,21,1279,1361,1282,23,139,1298,33,195,438,404,814,344,745,1089
22,22,1355,1270,1290,1260,1233,1265,1354,1266,1261,1359,1303,1269,1302,1282
23,23,1298,124,1291,21,344,139,404,560,1361,592,1129,508,1029,1279
24,24,966,912,601,1312,876,325,965,968,1046,748,911,1037,406,309
25,25,1029,139,158,560,466,612,357,195,344,94,561,820,161,320
26,26,1282,1299,1265,1273,6,1204,33,1361,1199,1295,21,1211,1223,1270
27,27,1266,1355,1290,1267,1260,1354,1359,1187,1353,1270,1206,1203,1205,1263
28,28,1231,1289,1280,1193,1293,9,1183,1229,1294,1184,729,370,1358,10
29,29,10,1290,1260,1261,1267,1263,1294,1302,1359,1354,1280,22,1184,1355
30,30,1296,1277,1183,1289,33,1357,31,1287,1294,10,1228,8,1361,844
31,31,30,651,1296,1356,39,844,1228,967,280,363,1269,917,676,1361
32,32,1271,1193,1287,1210,5,34,1215,1284,1205,1218,4,6,1211,1299
33,33,8,6,21,5,1273,1277,1361,13,1299,1269,1190,1279,1282,1211
34,34,1196,6,1209,10,1198,1293,1303,1354,1266,32,4,1260,1271,1355
35,35,158,357,94,25,1029,161,1361,1268,1298,560,39,242,466,1357
36,36,942,401,507,512,315,1238,462,407,1045,1143,778,444,1169,214
37,37,227,1027,779,385,708,1144,279,77,1025,265,987,243,1026,652
38,38,110,308,345,1189,518,759,50,372,12,586,675,747,983,708
39,39,0,1361,158,665,23,917,7,1357,454,835,766,1132,94,21
40,40,1139,1170,1347,1076,1238,1080,798,88,1329,778,43,1087,1304,1320
41,41,723,1016,1320,870,1180,1170,989,1014,1017,988,1172,872,938,1176
42,42,255,372,367,48,368,1050,397,381,1013,249,272,999,373,61
43,43,857,73,1176,876,1306,1061,1320,1304,784,1017,40,1087,866,1170
44,44,1338,152,1039,153,1179,1325,978,1304,49,1043,95,45,1195,140
45,45,1338,1304,1351,639,140,1046,978,915,186,1321,1170,1258,44,152
46,46,1075,156,924,1169,728,1194,932,61,798,878,1322,749,935,778
47,47,453,1286,425,472,1097,471,1241,609,675,393,126,288,875,325
48,48,42,1318,1179,1308,65,371,368,381,79,270,66,1244,866,272
49,49,1195,941,1351,1338,95,1304,143,107,1234,1134,1044,249,1131,56
50,50,983,864,675,1097,452,314,965,391,1103,1318,424,1104,847,1161
51,51,1133,52,775,265,668,958,1257,78,592,1084,946,1313,1087,161
52,52,956,1347,60,958,1081,775,1133,957,1047,959,940,1087,1076,40
53,53,54,95,56,63,1247,64,93,994,1311,1307,450,1310,396,456
54,54,53,95,56,1310,1247,1307,63,1309,1254,82,1311,396,141,577
55,55,577,56,142,1313,141,318,1247,264,1248,99,73,1309,889,1307
56,56,318,1247,456,54,55,908,450,95,1311,53,577,1310,142,1313
57,57,600,694,721,283,991,662,361,375,77,599,643,585,629,118
58,58,1088,1146,305,122,853,951,124,593,121,138,682,587,454,205
59,59,89,88,1314,1081,76,1076,784,1118,1045,898,1111,812,737,1079
60,60,1081,1000,89,957,76,956,52,59,1242,1314,878,959,1347,61
61,61,76,81,1320,1256,866,89,798,1087,157,1304,839,796,60,43
62,62,273,1264,572,211,826,147,1159,338,991,1235,649,287,672,130
63,63,64,65,97,1117,994,66,73,95,256,1307,1176,908,53,255
64,64,63,65,66,994,95,73,1117,996,1176,998,925,995,713,780
65,65,66,64,95,63,497,1176,1179,73,379,371,1117,998,1044,1244
66,66,65,64,95,63,1179,73,1176,1044,1307,79,379,54,85,1244
67,67,95,54,396,154,1182,151,53,49,70,56,153,201,1179,450
68,68,59,1081,959,1045,417,531,76,1022,879,1314,1077,803,899,1340
69,69,486,165,199,701,953,720,1253,851,1252,142,344,100,428,686
70,70,59,87,76,1314,387,1243,1181,459,1238,1171,155,1050,1244,1180
71,71,81,1314,1030,837,988,990,1243,870,76,132,1097,1023,314,518
72,72,75,1254,1247,141,252,95,318,56,1168,93,456,450,201,54
73,73,1018,998,1176,1181,64,63,1117,350,1247,95,142,141,773,349
74,74,86,110,98,1053,123,1319,246,345,1230,113,327,675,472,764
75,75,1247,72,908,141,450,1254,456,93,252,318,95,73,56,54
76,76,89,59,1314,61,60,87,81,367,84,1105,88,1101,229,1238
77,77,87,118,387,662,208,70,458,76,643,531,78,92,459,1234
78,78,52,1238,1133,278,1194,1169,59,1255,959,1143,1080,1347,945,20
79,79,272,1179,81,1244,256,1318,368,379,249,66,372,14,255,371
80,80,440,1064,1275,224,302,225,251,193,183,186,174,413,395,1042
81,81,97,1244,256,255,79,379,1314,99,1118,1013,885,63,1320,1117
82,82,54,93,53,1024,95,1247,1307,97,180,318,1310,456,56,364
83,83,1027,770,752,1025,1030,1101,867,1034,945,132,641,1026,830,68
84,84,76,61,924,367,1106,46,42,60,1174,227,1326,229,1154,87
85,85,1307,838,66,65,99,1310,839,1313,97,1309,801,63,994,775
86,86,74,98,110,123,345,1230,327,113,1053,199,246,356,352,351
87,87,76,77,70,1234,1239,1314,60,1317,458,61,1238,89,1243,155
88,88,1061,1118,1116,1062,1076,1060,1059,714,483,784,471,59,89,314
89,89,59,88,1118,472,76,1314,99,1116,1242,97,784,1081,1181,1255
90,90,714,884,1320,1180,1117,577,384,351,1017,1321,885,88,142,1065
91,91,213,125,311,180,191,202,920,908,437,497,731,484,102,432
92,92,941,1234,248,14,341,1030,546,79,49,1244,87,193,662,502
93,93,311,1247,180,125,213,1244,56,95,202,75,97,432,335,529
94,94,139,158,814,561,404,195,1019,1029,560,1132,357,242,220,112
95,95,65,54,66,64,379,63,73,53,56,998,396,497,93,72
96,96,354,857,384,90,1014,1113,205,73,351,1065,350,1129,349,1161
97,97,99,81,360,142,1116,1307,63,1313,318,1118,256,1117,1181,125
98,98,110,123,86,345,74,586,678,1053,1189,1230,284,480,925,569
99,99,97,1313,1181,318,314,1116,1307,540,142,1180,1125,88,1118,89
100,100,264,1305,882,874,165,1116,199,1130,953,127,288,950,263,453
101,101,689,156,1317,1238,610,157,696,155,87,1316,662,1148,1314,647
102,102,180,125,191,202,380,213,318,471,1308,169,91,114,433,931
103,103,157,155,1304,912,85,61,1154,1320,52,1338,1307,43,1256,1347
104,104,779,193,1144,265,583,227,376,229,156,279,943,248,1027,1084
105,105,112,141,1313,220,1310,252,54,1309,1247,55,188,1254,142,56
106,106,1250,109,253,111,108,131,49,166,1259,1080,941,1317,1338,662
107,107,201,143,485,115,140,95,1179,941,396,116,1044,151,253,1131
108,108,109,1127,111,1259,1304,197,106,1080,266,1258,1321,1323,1087,1245
109,109,1127,111,108,1304,106,266,1251,1245,107,1259,115,1087,1338,1321
110,110,98,345,123,86,74,38,1189,880,586,246,1230,678,708,222
111,111,109,108,1127,107,115,143,1304,106,1251,49,140,1259,1258,1245
112,112,195,1128,1132,139,220,820,242,680,1019,939,105,120,215,445
113,113,369,359,1186,360,380,1230,125,886,351,326,453,472,609,697
114,114,125,180,1308,191,697,102,91,497,731,433,1186,213,311,432
115,115,184,116,201,107,140,253,206,997,151,1033,166,149,152,418
116,116,318,201,247,1351,920,115,437,184,497,131,485,149,252,1308
117,117,231,179,237,16,239,542,303,509,268,243,203,971,245,970
118,118,387,229,227,458,544,77,76,376,959,1030,510,60,397,385
119,119,72,120,188,346,215,196,178,121,252,141,220,1247,445,187
120,120,220,121,178,1129,215,119,122,112,242,820,138,1088,188,736
121,121,120,220,122,178,242,138,1129,124,188,1088,358,112,215,951
122,122,1088,121,220,242,1129,1146,120,138,124,313,188,736,358,915
123,123,98,110,345,86,74,678,897,648,1138,569,828,1230,586,1019
124,124,138,1352,853,593,1088,121,23,139,220,951,1129,122,305,642
125,125,202,908,931,369,456,360,180,471,432,191,1186,213,102,318
126,126,127,483,471,318,314,472,919,137,1313,264,142,931,493,351
127,127,126,471,483,318,314,88,919,436,351,493,399,411,1197,1313
128,128,353,857,1176,354,73,773,1017,352,1014,129,43,351,1065,676
129,129,1016,1067,498,442,1014,353,1070,1166,1113,988,773,794,1065,981
130,130,1348,970,509,542,273,980,211,303,971,972,969,147,976,947
131,131,456,318,931,1313,919,396,127,56,142,126,1307,411,150,1124
132,132,1085,981,1001,1045,1067,384,1071,743,1101,1074,793,1170,858,1023
133,133,1116,392,360,127,1004,314,88,472,351,359,256,1181,369,99
134,134,229,166,413,376,385,265,448,227,243,523,708,61,458,1319
135,135,429,708,148,1032,913,164,234,823,229,782,12,265,683,673
136,136,529,432,931,180,125,697,514,202,497,213,908,411,501,433
137,137,126,127,1256,1313,1308,1197,99,1106,318,1307,97,418,264,1004
138,138,124,853,1352,305,313,593,121,1088,220,386,1129,120,122,1146
139,139,195,221,158,814,94,561,404,560,1019,112,25,438,1029,234
140,140,184,201,1321,206,1304,1176,1104,141,189,152,1103,95,149,1033
141,141,142,1254,1018,1247,998,252,318,73,55,1321,889,577,1122,456
142,142,1116,141,318,471,456,1118,1313,97,1018,483,577,908,1125,1117
143,143,183,260,251,107,499,254,190,153,1098,396,1131,1234,152,249
144,144,1340,556,306,702,1194,1148,1157,1145,781,1143,959,899,879,928
145,145,254,396,1044,381,1179,65,153,378,66,143,1057,252,152,368
146,146,396,54,140,931,95,256,450,131,456,141,154,908,432,201
147,147,503,779,626,819,231,943,1348,980,179,237,832,1027,542,976
148,148,782,135,950,1032,1288,745,234,690,525,1177,959,615,913,622
149,149,152,201,153,184,1308,140,396,318,116,456,150,154,131,142
150,150,131,149,153,152,919,206,396,140,318,127,55,151,142,141
151,151,252,152,396,201,107,116,318,141,162,115,54,150,450,919
152,152,153,149,252,140,184,254,1308,396,166,131,151,318,251,1104
153,153,152,149,143,396,201,150,140,131,184,1044,145,1325,251,151
154,154,529,168,377,457,931,335,731,73,432,428,514,447,697,1018
155,155,1332,1234,1154,95,103,79,1317,1244,1179,1176,1351,1334,1304,925
156,156,1335,878,60,1148,1334,46,1144,1194,157,144,1084,702,1143,928
157,157,735,103,61,1313,60,1334,81,99,1318,699,1097,610,681,1256
158,158,139,814,94,404,195,561,25,560,357,559,1029,466,835,612
159,159,564,223,353,794,412,1140,498,453,214,401,1139,666,676,638
160,160,1090,1102,745,955,695,571,769,979,733,624,623,638,475,283
161,161,1029,344,357,209,592,508,769,620,950,466,930,438,612,25
162,162,514,131,450,919,396,151,529,154,1242,502,432,180,1042,1168
163,163,514,244,443,396,154,162,196,698,207,131,150,247,432,529
164,164,445,222,931,263,376,343,137,131,126,985,1242,230,99,346
165,165,142,264,1305,764,154,428,1061,483,1313,1083,471,1018,100,1116
166,166,302,251,1064,193,14,376,413,675,440,260,131,152,941,1286
167,167,255,365,397,367,424,256,229,1105,381,378,1006,1244,842,206
168,168,686,982,329,731,447,154,457,1018,73,428,1252,998,920,473
169,169,191,213,318,920,180,437,236,102,91,919,1308,127,529,291
170,170,452,864,129,942,1014,436,1016,391,983,773,493,189,482,218
171,171,307,156,1147,923,1158,1136,647,702,818,816,19,700,822,945
172,172,631,458,544,1000,241,477,502,376,527,294,957,1006,487,430
173,173,429,565,586,1019,112,880,195,680,897,135,561,808,846,833
174,174,328,876,219,1064,875,1304,440,302,751,1297,166,795,793,314
175,175,809,373,748,901,1026,521,797,810,1012,971,1011,840,1013,852
176,176,967,755,769,570,899,528,676,741,1322,363,934,818,946,264
177,177,556,293,319,306,294,928,407,702,803,144,401,543,899,449
178,178,121,120,220,215,119,112,242,252,188,122,596,820,1129,640
179,179,117,509,303,237,186,231,238,971,268,542,203,970,193,976
180,180,191,125,202,213,102,529,433,931,311,114,91,456,93,1308
181,181,262,395,1053,371,1241,440,207,1308,1042,1318,397,1319,1064,378
182,182,1314,1238,1030,399,518,487,388,376,1139,314,1255,89,223,328
183,183,143,260,193,186,249,203,440,250,248,190,251,233,238,373
184,184,201,140,1103,1176,95,189,379,115,206,73,247,473,318,497
185,185,602,1142,979,967,637,671,760,830,829,758,638,1047,645,856
186,186,971,970,972,509,969,193,976,183,238,194,179,542,203,245
187,187,142,1018,849,686,377,196,141,456,350,720,998,471,1247,908
188,188,220,215,141,252,736,1247,75,1168,72,386,121,119,120,187
189,189,1180,1065,383,493,206,773,1014,1033,241,938,609,885,1170,1176
190,190,203,143,183,194,140,251,233,248,193,240,245,166,61,1131
191,191,180,125,213,102,1308,202,169,920,91,318,311,433,114,529
192,192,874,1060,257,1116,1062,812,1010,1059,985,739,738,472,882,230
193,193,302,251,186,166,248,183,373,1064,440,225,203,233,238,779
194,194,238,203,240,186,971,521,237,970,509,231,190,183,976,245
195,195,139,561,112,1132,560,404,357,680,438,158,814,221,1019,344
196,196,187,514,377,428,168,432,252,72,450,335,1018,91,154,529
197,197,108,1127,109,1259,1213,363,1250,979,806,266,562,671,651,111
198,198,315,1065,1180,575,351,512,1171,773,453,949,327,356,942,354
199,199,537,351,327,356,360,264,326,352,392,1186,380,500,349,257
200,200,897,1031,195,951,1019,1237,123,98,139,669,0,1129,429,112
201,201,184,140,116,318,72,149,95,1176,107,456,379,252,396,1103
202,202,125,180,908,311,1186,335,360,191,931,432,213,529,456,91
203,203,194,190,248,183,238,193,186,179,509,245,225,251,174,971
204,204,355,206,1033,115,324,354,418,140,154,352,470,482,1323,256
205,205,1305,857,844,676,869,705,1061,663,354,1120,384,750,915,1059
206,206,1176,189,1033,1321,140,1180,383,455,1320,184,885,493,697,1117
207,207,378,222,270,397,1053,1244,396,1308,230,228,262,255,181,368
208,208,166,387,459,1030,260,458,77,310,507,1317,941,531,1080,243
209,209,612,466,725,1177,344,1089,930,161,967,769,1262,1029,755,246
210,210,245,211,303,1348,542,509,239,231,237,243,117,779,147,130
211,211,210,303,1348,542,130,147,117,231,509,179,338,237,273,245
212,212,453,784,796,214,777,314,384,1060,1113,575,552,88,515,778
213,213,180,125,191,380,529,931,169,202,91,456,908,369,318,102
214,214,1001,1172,1113,895,552,1071,896,1112,784,763,666,1040,990,796
215,215,188,252,120,596,72,1128,141,220,736,75,112,119,178,121
216,216,144,299,802,1140,535,306,1155,1194,361,1143,1145,556,1340,1148
217,217,518,786,487,1324,745,842,586,1114,1178,359,1130,1097,314,936
218,218,314,1060,453,1320,784,776,399,328,975,609,1074,942,1170,325
219,219,546,302,1297,1097,174,675,524,842,875,393,125,359,866,424
220,220,120,121,188,1129,122,242,736,141,55,112,252,1313,1247,138
221,221,139,12,745,680,985,234,1019,195,445,1219,560,561,814,359
222,222,207,369,230,931,360,480,228,472,359,586,1330,1244,255,378
223,223,1139,214,1140,547,264,351,453,1238,401,59,515,1083,964,427
224,224,675,440,80,1318,1097,302,413,373,368,272,372,1319,1064,166
225,225,193,80,251,203,183,179,186,1064,260,440,509,1275,302,166
226,226,413,448,477,544,523,481,310,294,426,1286,337,1130,317,1319
227,227,385,229,118,265,376,708,544,846,527,631,76,458,366,413
228,228,1011,1050,397,993,255,229,381,472,812,996,1013,1116,1063,222
229,229,270,376,397,228,631,675,372,233,255,1013,1097,272,708,227
230,230,1230,222,256,207,257,228,480,255,586,378,1244,1178,925,359
231,231,117,237,509,542,245,303,179,971,238,239,779,970,194,147
232,232,385,265,1026,366,987,961,413,770,229,243,1025,237,1027,267
233,233,373,272,229,368,245,193,248,183,372,79,256,255,1030,1318
234,234,745,1126,221,772,1114,139,814,332,246,933,769,195,1032,264
235,235,111,1251,108,109,1127,266,115,106,1080,1096,408,1259,1325,459
236,236,437,169,997,91,920,731,180,102,1308,191,418,116,529,494
237,237,231,238,117,970,542,179,509,245,971,976,779,194,239,268
238,238,194,237,240,971,976,245,186,248,203,179,779,973,231,193
239,239,245,243,117,231,237,261,210,509,303,179,267,542,240,232
240,240,238,194,237,183,203,248,193,190,143,239,186,302,61,16
241,241,1063,189,367,1050,1051,453,609,796,314,839,1001,1180,512,1060
242,242,220,122,121,112,120,1129,1029,404,139,94,195,178,1088,1132
243,243,245,239,261,117,231,260,183,16,232,229,779,233,210,193
244,244,163,443,206,143,260,131,1317,155,396,514,153,162,150,253
245,245,210,542,231,243,509,238,239,237,233,193,186,373,779,203
246,246,725,1054,234,708,304,1058,1142,1262,209,214,758,666,793,784
247,247,116,184,201,920,437,456,450,497,1351,318,485,131,411,1308
248,248,193,203,238,14,233,183,186,779,92,143,249,341,79,260
249,249,250,14,272,1044,291,260,79,368,379,941,524,1131,381,1179
250,250,249,373,1044,14,183,368,272,254,260,502,440,193,524,378
251,251,1064,440,193,166,302,920,143,260,1275,14,152,395,184,422
252,252,141,72,318,1018,188,75,450,152,201,151,379,142,396,95
253,253,1321,256,184,115,206,379,272,201,1176,1318,107,141,140,155
254,254,395,368,249,396,440,152,143,1131,941,291,250,166,145,14
255,255,256,371,1244,379,1118,381,931,81,472,1117,63,272,97,368
256,256,255,1244,381,272,97,379,1318,81,1117,931,925,371,480,63
257,257,1062,1116,392,264,97,142,1118,99,1059,812,351,228,360,230
258,258,975,513,315,512,1065,942,354,436,522,351,401,452,1014,218
259,259,1082,619,332,1114,578,624,1090,1091,728,1041,933,673,1126,794
260,260,143,249,183,251,14,440,166,941,1131,193,272,250,1123,291
261,261,243,239,267,231,117,232,245,210,237,303,179,331,542,509
262,262,181,395,920,371,440,1064,1053,1319,471,207,1308,1318,397,1241
263,263,264,427,384,512,354,1001,1113,127,1076,885,839,1045,515,351
264,264,1125,263,577,1116,142,351,88,1083,1076,1118,714,384,885,55
265,265,232,385,1072,1047,1036,413,376,770,227,749,1034,1035,366,631
266,266,539,1127,407,109,436,942,1322,1329,1169,928,1075,108,1143,1194
267,267,300,239,261,232,521,413,243,231,193,224,987,509,179,237
268,268,179,117,237,238,16,231,971,203,271,194,779,186,243,147
269,269,564,553,336,490,125,472,483,97,471,931,369,456,908,986
270,270,372,229,207,368,675,397,378,381,395,1319,228,255,224,373
271,271,16,238,248,203,296,268,186,231,779,194,542,1030,237,300
272,272,1318,368,256,79,381,249,440,255,371,675,372,422,1244,1013
273,273,130,147,980,117,211,268,1348,542,971,1264,303,62,970,509
274,274,540,351,314,577,851,885,614,740,889,99,564,558,714,609
275,275,1335,1240,689,1154,692,579,1239,1332,566,1156,1155,1340,1317,155
276,276,504,676,877,967,619,933,896,741,874,744,578,758,479,651
277,277,491,619,1323,577,693,713,921,715,278,695,684,884,994,276
278,278,401,702,935,552,214,1322,1148,776,737,464,1143,1140,1160,863
279,279,166,544,265,227,316,708,413,310,481,510,1064,753,1319,239
280,280,1102,1142,806,1090,671,1054,967,623,688,160,580,651,750,705
281,281,293,317,1148,1086,1347,1008,306,1045,957,223,1140,573,505,1241
282,282,650,1348,130,1078,970,1224,664,972,976,969,987,943,1266,147
283,283,721,991,1173,160,361,57,1054,844,768,280,657,688,1213,1090
284,284,668,264,126,263,1045,127,1329,1322,950,946,20,1313,317,1169
285,285,286,289,1297,297,532,931,411,262,1064,986,181,424,502,1252
286,286,285,481,310,413,1297,411,260,902,502,166,333,316,262,458
287,287,535,459,510,543,361,208,536,292,156,49,338,894,300,1173
288,288,534,1286,264,1208,959,401,453,126,472,127,471,376,314,495
289,289,840,996,1011,228,608,285,1178,995,424,607,550,797,800,64
290,290,753,80,279,260,414,520,310,181,919,1297,941,341,244,1064
291,291,524,249,1308,497,14,460,191,114,422,1297,169,440,272,484
292,292,340,518,511,407,338,439,299,331,293,1164,1235,469,626,542
293,293,1075,401,417,1164,407,763,597,1172,512,465,36,928,860,960
294,294,449,401,407,36,427,507,293,458,556,1086,512,172,1045,878
295,295,297,369,530,534,537,322,555,553,403,564,359,380,360,288
296,296,1320,1033,1170,798,1329,850,788,778,1169,935,723,728,1180,1321
297,297,295,555,322,564,537,264,351,369,1186,359,534,199,1175,553
298,298,1342,470,996,925,64,941,532,598,95,937,341,2,204,422
299,299,407,1143,1164,803,398,507,306,36,1343,401,942,894,1172,878
300,300,521,16,1334,179,1312,267,1025,1275,413,509,1026,542,237,825
301,301,311,91,1308,1141,114,411,327,102,1186,920,191,1136,483,262
302,302,193,1097,219,166,440,1064,425,251,675,393,376,131,931,174
303,303,509,542,1348,179,231,210,211,117,970,239,186,245,237,969
304,304,1008,417,893,860,214,744,960,763,1095,804,578,1091,1115,1111
305,305,587,138,313,853,386,124,121,861,58,682,1146,686,358,1252
306,306,144,556,959,803,899,802,1340,1148,1157,878,319,928,1143,781
307,307,1288,171,1133,1090,1132,745,950,573,344,570,1079,541,404,565
308,308,372,345,79,38,16,253,272,233,271,1103,368,373,48,707
309,309,770,1027,626,328,751,1030,875,331,743,867,603,442,174,300
310,310,458,481,166,413,753,1319,411,538,448,317,1286,1317,1308,426
311,311,202,180,93,125,91,191,1308,484,1141,1186,335,327,318,920
312,312,784,214,384,314,1107,552,444,212,1118,1045,453,590,325,320
313,313,386,138,305,686,640,358,853,1064,447,122,437,330,457,168
314,314,609,453,351,784,99,399,872,1118,1116,886,472,88,1320,471
315,315,942,1180,1065,351,575,444,609,401,512,462,453,354,949,948
316,316,333,2,336,364,698,530,920,431,337,279,1064,538,102,301
317,317,1143,495,512,942,36,401,427,464,127,1315,1243,1086,839,1140
318,318,456,142,471,908,920,483,99,56,125,919,380,931,97,127
319,319,928,899,401,1090,1075,306,1337,1148,895,278,412,942,702,1086
320,320,1118,142,1116,1062,351,1061,467,314,384,784,1059,88,740,857
321,321,329,168,236,731,311,457,485,1141,1044,91,358,494,1252,997
322,322,297,1052,295,555,1360,327,1073,500,950,1186,1125,402,985,102
323,323,1140,400,1330,505,144,1052,294,1326,487,227,1241,214,306,288
324,324,443,997,236,457,115,497,107,447,485,484,731,494,514,196
325,325,764,471,314,1061,428,1064,43,483,1059,330,876,472,328,406
326,326,356,351,354,1186,350,352,335,199,349,1141,447,377,697,360
327,327,360,483,351,311,199,1124,202,318,180,127,213,1186,471,102
328,328,174,875,876,132,314,515,218,1087,793,1320,1030,795,1304,325
329,329,168,1018,686,731,998,91,457,73,311,335,1141,349,447,428
330,330,1305,325,1087,1064,1306,764,127,483,671,471,43,126,1248,1139
331,331,309,1030,875,487,328,300,626,1027,547,527,515,232,338,943
332,332,1126,745,1035,645,1114,578,760,740,619,772,677,860,769,979
333,333,166,1064,260,316,1308,116,310,411,336,131,330,920,986,155
334,334,207,1053,1241,378,230,270,74,1230,431,375,2,1319,1315,172
335,335,908,360,125,202,432,450,931,456,377,1141,447,480,731,422
336,336,269,553,920,125,180,437,191,456,484,986,471,318,202,473
337,337,316,226,448,279,413,481,1042,1241,477,421,310,435,431,181
338,338,1300,1056,894,309,770,1148,292,527,1030,331,211,1159,907,542
339,339,753,225,1064,310,1286,510,413,174,426,538,279,333,411,435
340,340,518,223,1330,292,133,547,350,359,407,1323,354,127,1130,341
341,341,470,14,248,1119,1330,422,92,532,340,501,260,524,1244,1064
342,342,358,311,686,329,91,1141,236,168,327,920,437,191,93,202
343,343,346,445,953,164,1032,12,100,1286,808,221,344,486,127,472
344,344,508,438,1029,592,525,466,500,486,161,560,612,467,348,404
345,345,110,586,1189,98,123,308,86,925,1230,256,480,1244,284,222
346,346,343,931,445,1242,529,327,411,546,1286,119,180,456,432,488
347,347,1319,1230,262,181,1297,959,1318,397,502,1241,19,1330,312,89
348,348,500,525,1219,486,508,199,466,344,327,537,560,985,221,592
349,349,351,350,356,73,998,483,354,406,857,1116,1018,352,88,783
350,350,351,473,349,356,406,1197,352,354,73,142,483,428,360,1125
351,351,354,356,352,350,406,349,483,886,315,314,609,1065,1125,1116
352,352,351,354,356,350,349,1065,326,314,577,315,773,483,676,199
353,353,354,351,564,350,128,349,352,553,1065,159,356,490,129,398
354,354,351,352,356,1065,350,315,349,1014,406,326,1180,885,713,353
355,355,436,1344,354,1014,353,206,41,1240,115,942,155,127,1016,170
356,356,351,326,352,349,350,354,406,886,1186,360,773,476,199,1065
357,357,195,1029,161,158,344,592,139,560,94,561,620,769,320,25
358,358,342,329,91,1141,686,437,311,731,168,236,121,191,313,386
359,359,360,369,380,931,125,908,480,1186,456,97,540,1116,314,351
360,360,359,369,931,908,480,125,380,1186,432,97,1116,456,335,202
361,361,671,1139,330,638,1140,611,959,535,1238,1054,283,363,721,205
362,362,416,1096,109,266,1127,420,197,1194,235,111,108,204,1240,407
363,363,1155,1305,684,967,676,330,671,353,566,657,844,1139,750,1259
364,364,336,537,82,553,318,269,102,180,564,327,1307,1310,311,490
365,365,996,995,256,367,255,1105,994,1244,381,379,167,424,1021,842
366,366,770,1034,232,867,385,961,1105,265,367,1072,765,1026,875,793
367,367,1006,241,963,397,1111,1063,42,76,1001,365,1105,1166,229,1005
368,368,272,1318,395,371,372,381,256,440,675,255,79,249,424,270
369,369,931,359,360,125,472,908,380,456,471,480,213,432,483,1186
370,370,259,16,932,257,1257,748,1082,230,1012,1189,1110,28,284,271
371,371,1318,255,440,368,256,379,422,395,272,65,424,381,1013,64
372,372,368,270,272,675,373,42,79,229,906,255,1318,256,379,224
373,373,372,371,233,1013,272,250,193,249,368,255,224,675,42,440
374,374,668,288,769,930,720,330,464,176,278,1341,928,127,216,317
375,375,333,207,316,1308,1286,327,411,270,378,180,481,166,236,920
376,376,1097,229,1072,393,434,166,544,302,858,1242,735,1036,288,1034
377,377,335,432,931,202,908,529,154,456,360,125,473,350,1018,598
378,378,207,1244,381,396,424,1308,1053,255,368,1230,379,256,995,484
379,379,255,95,256,998,422,1244,81,371,318,63,73,497,64,65
380,380,360,471,359,433,369,213,456,908,318,125,931,1242,483,1186
381,381,256,1244,255,368,272,424,697,371,378,1318,995,228,249,379
382,382,653,394,1158,1347,813,52,60,848,1085,265,1143,959,957,958
383,383,1065,189,1070,1067,1180,773,938,1172,1166,1071,1014,1001,1069,1113
384,384,784,88,1113,132,453,1060,351,90,714,214,857,783,1001,1076
385,385,227,232,265,1026,1072,961,229,366,770,376,1034,1144,1027,867
386,386,686,313,168,305,982,188,138,358,731,849,121,1168,587,1129
387,387,118,959,70,531,957,77,208,459,76,940,87,1330,1314,956
388,388,182,1112,1107,1051,1113,367,214,784,1001,1111,397,312,241,1081
389,389,1058,1111,1099,304,1106,1177,725,1095,933,717,397,960,922,84
390,390,861,1151,1060,205,1059,741,1054,528,746,1062,705,192,676,384
391,391,864,983,368,424,411,184,452,395,50,546,1297,440,675,1050
392,392,257,199,133,359,445,1082,360,351,314,983,352,264,384,222
393,393,1097,1118,1013,314,1105,132,1072,1060,472,990,867,675,1063,376
394,394,382,958,813,797,441,550,1360,653,922,1036,668,1079,1337,1052
395,395,368,262,371,440,181,255,254,396,397,1318,251,411,14,270
396,396,95,920,456,450,131,484,54,379,1044,378,1244,255,395,422
397,397,228,229,255,367,207,42,472,395,270,381,1006,368,372,76
398,398,774,790,750,918,498,214,1322,1343,791,1001,444,354,1172,737
399,399,314,493,1320,127,351,609,1255,1180,471,919,90,318,126,483
400,400,1140,1238,1139,959,528,487,59,223,401,453,278,745,737,950
401,401,36,512,453,427,942,315,1045,737,899,790,1169,575,791,464
402,402,322,257,1360,555,1024,759,165,222,1053,364,441,297,1073,202
403,403,564,351,360,269,537,359,553,369,530,953,350,406,380,349
404,404,1132,195,814,139,158,561,94,344,242,112,560,1019,438,1029
405,405,3,225,426,1334,499,1338,16,260,80,532,300,337,244,226
406,406,351,455,350,886,349,609,356,354,471,908,428,314,998,483
407,407,1164,36,942,401,1238,1075,507,798,1045,778,446,728,464,132
408,408,1075,407,1164,774,927,942,1171,398,465,881,507,556,702,1080
409,409,1063,1110,257,990,228,263,1060,230,1077,1001,1062,1107,222,367
410,410,126,89,1286,495,472,288,476,430,127,453,471,425,919,1238
411,411,471,931,125,456,369,127,483,472,1297,476,213,1286,180,1308
412,412,498,794,763,1075,1068,401,899,666,159,841,859,407,942,417
413,413,481,1319,448,544,426,166,523,302,458,224,440,1097,219,1241
414,414,1064,831,547,328,1297,919,477,524,520,548,1087,532,514,1306
415,415,1085,850,40,36,401,942,507,132,774,1081,878,1080,778,957
416,416,362,1096,1127,109,420,266,197,1259,703,111,108,235,1194,1332
417,417,893,841,304,763,962,1048,214,1001,1071,744,552,1045,1095,860
418,418,1197,473,463,127,423,484,436,780,529,311,318,102,773,126
419,419,1075,942,512,401,315,36,763,1322,1171,1164,1068,293,436,407
420,420,799,522,831,718,398,1322,556,401,539,543,1238,182,727,1170
421,421,1186,495,263,125,327,102,698,1141,326,1073,476,697,423,931
422,422,908,920,379,1064,440,424,335,371,450,697,447,998,456,272
423,423,1197,418,125,473,114,529,484,180,1186,356,127,432,697,476
424,424,697,125,256,422,381,1244,1318,931,371,368,675,1308,1053,255
425,425,1097,471,302,434,472,380,476,314,919,126,453,47,697,393
426,426,523,413,448,536,538,1084,481,435,166,310,1036,1319,858,265
427,427,401,512,1143,263,214,36,1164,1045,791,1001,964,790,212,1113
428,428,1018,483,351,471,447,764,350,998,406,1061,908,686,857,168
429,429,823,135,913,1032,112,221,195,234,139,782,708,561,1177,1041
430,430,487,172,410,304,812,786,518,846,1008,739,1105,439,1208,893
431,431,698,532,501,1141,1241,586,316,1053,1242,502,931,91,230,534
432,432,931,125,360,529,908,480,335,456,202,697,369,377,180,256
433,433,380,180,529,125,213,908,191,697,1242,318,202,931,360,456
434,434,1097,425,376,314,547,393,132,302,1130,609,1013,453,472,872
435,435,413,426,434,532,753,448,481,1064,172,1297,919,302,631,131
436,436,942,127,512,1180,1169,315,1065,463,126,1170,354,1329,418,493
437,437,920,456,91,318,236,169,213,191,908,529,471,731,1064,125
438,438,344,195,1029,139,508,561,466,1032,560,1253,985,1019,823,820
439,439,465,518,728,304,960,1006,763,1023,446,1172,1008,793,988,952
440,440,371,1318,1064,251,224,675,422,368,272,14,80,302,395,1297
441,441,813,755,896,898,701,900,1076,504,528,479,653,895,264,918
442,442,129,498,624,990,309,518,761,1075,795,439,550,401,749,412
443,443,324,697,484,244,206,514,396,497,154,163,95,1176,114,162
444,444,315,942,214,575,609,1113,314,351,453,784,464,1065,512,1170
445,445,360,359,985,931,99,480,314,456,12,369,472,908,1247,97
446,446,465,942,464,1170,935,728,512,214,36,401,1071,507,1169,1238
447,447,457,731,428,168,335,73,422,473,350,697,154,484,686,349
448,448,413,523,426,1319,538,544,481,458,310,536,376,510,753,1286
449,449,294,458,510,1086,306,878,556,622,1326,523,172,1000,265,227
450,450,908,335,456,56,318,920,75,432,422,95,1247,396,125,931
451,451,452,1316,864,1050,1077,1173,518,1166,170,1068,459,1171,1070,1030
452,452,1014,983,864,1065,1016,847,609,170,773,314,965,870,453,315
453,453,609,314,575,784,401,990,212,1113,886,351,384,512,315,552
454,454,853,593,1352,844,1146,138,205,682,0,861,917,96,1129,305
455,455,406,1176,609,351,350,206,886,314,1017,422,354,872,256,885
456,456,908,318,471,931,125,142,920,369,380,360,56,432,335,1247
457,457,731,447,494,168,335,329,154,484,697,91,497,428,114,1141
458,458,544,310,510,753,172,413,527,118,1319,523,448,376,449,87
459,459,507,70,942,1243,407,208,317,387,1030,458,1238,512,936,36
460,460,291,422,14,379,114,1297,450,919,249,1308,485,440,697,484
461,461,126,495,288,127,472,483,369,471,476,380,100,1242,1175,534
462,462,942,315,949,507,948,36,1171,401,512,427,964,543,1164,1180
463,463,473,418,127,484,126,436,318,1176,529,1308,697,471,191,839
464,464,1238,1170,401,942,444,214,507,1143,1322,1169,446,935,1033,1255
465,465,446,439,1075,1071,1172,214,507,383,1069,1070,512,293,1164,1001
466,466,612,1029,1089,344,618,560,930,508,500,745,209,740,348,592
467,467,1107,320,1109,745,1029,769,738,772,312,472,874,950,344,1052
468,468,984,726,467,1109,950,500,1107,715,985,772,738,1149,1089,1052
469,469,752,439,516,890,894,945,465,1094,710,1022,672,292,968,1100
470,470,341,1119,524,249,260,291,941,484,114,422,14,250,532,248
471,471,483,456,472,318,125,142,380,908,476,1061,127,88,351,369
472,472,471,369,1116,483,314,88,931,1061,1118,1059,89,1060,886,255
473,473,1197,350,529,318,125,418,73,463,351,471,483,447,377,127
474,474,147,864,237,194,521,742,542,517,983,231,331,452,819,338
475,475,745,979,630,570,769,733,560,955,221,508,160,690,344,1019
476,476,471,360,125,697,1186,380,369,908,483,931,356,126,472,919
477,477,317,172,1130,458,411,512,310,226,1305,88,472,515,89,294
478,478,1061,1053,472,831,783,428,764,842,1305,1059,325,1060,697,1230
479,479,896,796,899,777,552,895,799,778,830,798,602,1112,841,590
480,480,360,432,125,359,908,369,931,256,335,202,1053,1186,697,97
481,481,413,411,544,310,1042,502,1319,448,191,426,1297,302,166,376
482,482,352,218,436,452,127,720,942,975,315,983,350,1065,356,737
483,483,471,351,1125,318,127,142,88,1061,472,126,1116,428,314,380
484,484,697,731,1244,311,180,125,91,1308,920,335,432,191,497,457
485,485,997,497,731,1351,252,116,107,437,95,72,379,201,457,1103
486,486,525,348,344,500,508,199,1253,100,1130,1175,592,288,1032,1219
487,487,786,518,314,453,400,1238,730,1130,126,1139,1036,127,328,212
488,488,529,126,931,476,127,377,137,418,154,432,102,423,180,433
489,489,154,447,168,731,335,457,1182,329,1197,529,311,93,686,432
490,490,269,564,986,553,336,353,127,931,126,318,180,351,456,327
491,491,577,1323,783,921,994,53,780,277,1167,885,915,64,1018,1168
492,492,518,182,340,430,527,1030,292,487,338,71,367,376,1006,819
493,493,189,399,127,1180,483,314,351,1170,350,547,126,1320,1065,1238
494,494,457,731,114,180,447,191,102,1043,920,1308,236,184,997,291
495,495,512,401,317,1086,126,288,461,839,427,453,942,263,1130,534
496,496,1327,426,523,36,513,172,522,401,415,448,631,1326,538,434
497,497,697,125,1308,65,91,908,95,191,529,379,731,291,484,1176
498,498,763,666,1071,597,1172,412,1067,1070,1001,1068,214,1069,398,417
499,499,143,1131,291,1308,1123,440,1318,260,1042,497,502,1334,251,183
500,500,348,525,508,1219,344,199,327,486,466,812,1052,540,985,537
501,501,931,432,369,1242,131,359,213,502,360,1297,136,180,433,698
502,502,1297,291,524,219,1308,546,1123,931,14,481,1042,250,697,484
503,503,147,819,832,626,779,1027,943,16,708,243,231,232,239,229
504,504,896,676,552,884,663,741,895,276,750,714,767,755,784,214
505,505,959,1140,306,957,1208,956,950,288,1045,59,400,449,144,427
506,506,536,401,556,945,1135,957,878,1326,802,510,426,144,928,1144
507,507,1067,1069,1071,1172,1068,1164,1023,942,949,1070,462,1243,36,1001
508,508,344,500,525,1029,466,486,348,438,592,467,560,195,561,475
509,509,303,542,970,186,971,231,969,972,179,1348,976,245,237,117
510,510,458,449,523,448,753,1319,544,536,527,294,957,310,172,1238
511,511,292,507,306,945,949,878,516,1171,1164,1022,294,803,894,299
512,512,401,942,315,839,453,427,1065,436,1180,36,885,763,495,1001
513,513,1307,1304,169,40,1320,1308,258,463,102,1256,436,127,318,1313
514,514,162,154,529,471,196,432,428,697,136,1252,1053,476,764,433
515,515,212,328,384,401,547,1113,214,453,132,1045,223,796,988,777
516,516,752,878,749,922,765,945,1144,616,961,306,825,811,469,826
517,517,194,521,203,179,265,1042,300,231,1025,544,237,809,971,245
518,518,487,340,786,314,439,453,990,455,988,1314,1030,787,218,217
519,519,1158,306,928,1340,278,757,1157,382,442,1066,1148,156,899,803
520,520,248,414,1240,46,1106,518,524,532,206,1327,936,502,470,341
521,521,194,300,237,509,971,224,179,267,517,302,186,193,1025,231
522,522,942,401,36,975,512,1322,258,1341,444,448,539,1036,523,315
523,523,426,448,413,538,458,1084,510,536,36,401,544,522,1137,527
524,524,291,219,249,14,502,484,546,1297,1244,470,440,91,250,424
525,525,500,486,508,348,344,1349,1253,1052,592,199,560,327,100,1032
526,526,406,455,428,697,351,356,326,422,350,335,547,377,931,354
527,527,458,376,1072,770,1030,172,407,507,227,510,265,1243,523,1144
528,528,755,651,552,896,934,1045,899,1076,479,59,739,737,967,898
529,529,432,180,473,213,433,125,931,202,456,908,318,136,380,154
530,530,295,564,553,986,403,490,269,213,369,359,288,316,534,380
531,531,959,957,1045,1238,1081,781,59,1347,940,76,1079,387,1148,881
532,532,431,502,435,524,341,424,470,1064,501,260,413,1119,302,422
533,533,515,398,742,353,401,547,495,464,1130,1164,407,264,1076,1305
534,534,380,288,102,1242,471,476,369,919,425,126,931,483,472,529
535,535,361,287,538,510,310,156,216,1136,831,523,459,945,959,330
536,536,426,448,523,1327,510,458,413,506,310,538,544,1326,1319,481
537,537,199,360,264,369,327,351,1197,359,380,364,297,349,403,738
538,538,426,523,448,1084,1286,310,956,481,513,957,1319,52,919,288
539,539,1075,928,1322,401,942,293,1143,522,398,799,266,407,36,436
540,540,577,1311,1116,872,985,360,851,714,1125,99,1118,142,97,1313
541,541,525,486,263,307,327,176,500,344,1132,427,1133,668,508,284
542,542,509,303,245,1348,231,237,186,210,117,971,179,970,211,238
543,543,942,1341,462,401,36,1143,1322,789,1238,507,464,928,774,949
544,544,631,413,458,376,481,1319,1097,288,229,448,172,118,1327,227
545,545,1140,535,523,101,1238,1086,538,134,1322,510,464,310,539,1137
546,546,1297,219,14,931,524,411,502,174,302,424,180,440,1244,250
547,547,493,351,515,1130,127,223,453,444,742,483,471,359,919,314
548,548,764,428,325,165,1305,1252,349,1130,351,483,920,1053,547,91
549,549,950,322,1337,550,382,278,1143,17,755,468,1079,398,1158,1347
550,550,797,1125,453,813,990,872,812,653,1117,842,314,839,157,714
551,551,858,376,219,866,734,550,875,795,1242,730,797,413,699,867
552,552,895,784,898,863,214,1112,896,791,504,666,1001,763,1040,1160
553,553,564,269,336,986,490,142,471,318,919,360,483,351,908,456
554,554,895,278,896,695,715,615,1102,552,1147,1324,504,882,1076,59
555,555,297,1360,264,441,738,360,1116,882,97,1125,1083,1052,322,369
556,556,144,1340,879,702,899,306,1148,878,945,802,803,928,1157,1194
557,557,638,1238,1137,279,288,689,330,361,1133,278,166,656,786,127
558,558,898,895,1040,1112,900,896,614,274,552,755,504,577,784,918
559,559,158,1237,404,814,94,897,951,357,1129,195,1019,853,205,561
560,560,561,195,835,139,466,1029,745,680,344,158,221,612,508,1019
561,561,560,195,139,680,158,404,94,814,1029,438,835,221,1132,1019
562,562,676,623,684,768,829,788,663,927,407,384,619,750,728,1080
563,563,1234,155,957,1154,1335,1314,1351,76,1238,157,837,662,1256,1334
564,564,553,269,490,351,274,353,1125,142,577,609,540,986,314,714
565,565,327,1133,1141,468,322,173,307,1147,1024,627,82,257,1132,429
566,566,671,630,702,979,567,611,692,638,695,1155,689,637,684,769
567,567,702,566,611,657,692,278,156,695,1332,700,689,1322,1194,1155
568,568,596,569,925,576,54,1307,1247,1310,1311,277,93,1244,56,648
569,569,568,596,678,576,680,925,1247,640,586,432,112,252,82,579
570,570,835,615,475,745,769,967,979,955,566,755,760,733,528,560
571,571,666,624,597,695,595,160,623,641,578,1160,763,1343,1090,610
572,572,1159,991,1173,894,641,945,659,1068,752,507,597,1022,571,672
573,573,683,681,652,816,644,690,637,655,848,610,622,647,782,1144
574,574,580,582,637,671,689,670,647,634,610,616,623,528,588,702
575,575,609,453,315,1113,791,314,351,444,964,214,1065,1180,401,773
576,576,568,596,925,645,699,713,1318,607,256,693,638,610,155,277
577,577,889,1313,1125,1311,1310,614,540,915,714,142,713,914,784,1116
578,578,624,666,597,619,860,1160,990,623,728,763,552,863,610,804
579,579,779,275,1334,662,568,143,583,699,248,271,1154,596,692,1234
580,580,574,623,979,671,619,578,758,695,651,630,684,967,645,637
581,581,629,583,662,1234,608,643,229,944,1098,101,753,588,76,708
582,582,610,637,574,634,638,654,647,1340,689,879,670,1148,633,625
583,583,608,779,581,1316,607,229,647,550,571,735,579,629,643,147
584,584,862,732,865,729,1274,907,719,927,1264,639,1100,1300,1161,1173
585,585,685,591,667,604,572,647,588,658,583,57,147,579,649,625
586,586,345,480,1178,256,230,222,424,381,1053,925,1244,432,378,255
587,587,305,138,313,386,853,1146,857,121,454,982,861,686,640,844
588,588,574,600,647,581,1339,617,689,101,599,643,694,662,685,585
589,589,644,1312,735,923,699,912,610,754,579,147,779,911,647,626
590,590,552,863,651,676,479,896,504,214,899,1045,777,744,663,796
591,591,625,595,578,624,597,863,623,622,695,571,685,628,1107,1091
592,592,344,508,668,466,930,618,612,745,288,357,525,620,500,740
593,593,853,138,682,454,124,951,1352,1146,1088,305,121,205,1151,1129
594,594,668,333,1158,327,421,1334,1286,951,288,620,700,330,375,483
595,595,597,591,625,628,571,610,623,578,624,695,684,787,666,580
596,596,568,607,256,678,569,640,18,576,215,608,1117,925,1318,63
597,597,666,1172,578,763,1160,507,498,1071,214,1068,1023,1001,1344,595
598,598,202,335,125,908,377,931,456,180,311,497,91,93,432,1141
599,599,662,604,643,579,629,253,588,1154,689,57,1318,155,1332,79
600,600,57,694,574,652,654,659,588,582,637,662,647,101,629,643
601,601,603,1312,186,970,1026,972,912,969,24,971,16,779,978,1348
602,602,479,830,651,829,744,967,185,590,758,1142,899,934,771,743
603,603,601,751,16,970,1312,770,972,978,966,186,971,912,309,976
604,604,608,607,599,678,18,596,1318,229,233,571,373,583,256,624
605,605,606,681,656,135,157,1346,670,1032,1041,673,717,708,823,636
606,606,605,681,760,673,670,656,629,135,1032,745,1165,772,722,782
607,607,608,596,371,373,1318,18,256,272,576,604,424,906,699,1117
608,608,607,373,604,596,583,18,256,229,996,371,424,699,255,906
609,609,453,314,886,575,872,351,1180,315,773,1113,1065,990,784,406
610,610,699,637,644,647,634,1148,578,638,597,582,681,687,1160,673
611,611,566,567,657,638,671,1332,702,692,330,637,361,1194,562,1139
612,612,466,930,1089,740,745,504,933,1029,769,1102,552,614,860,739
613,613,552,645,274,898,619,740,666,714,785,332,624,648,612,695
614,614,577,714,851,889,918,663,896,504,1313,884,1125,90,552,274
615,615,745,618,690,739,570,612,967,554,1089,933,528,930,755,874
616,616,622,617,670,647,673,556,621,757,945,516,661,702,574,689
617,617,702,689,556,673,616,144,633,879,566,1340,647,622,661,619
618,618,615,466,612,745,592,274,930,648,851,560,552,1310,613,739
619,619,623,684,860,578,695,673,645,884,760,651,552,504,927,276
620,620,320,769,325,592,257,467,553,344,357,483,745,264,764,330
621,621,673,619,771,616,610,702,332,927,624,979,656,578,817,1035
622,622,647,673,644,628,681,616,597,683,610,922,726,59,60,449
623,623,619,676,666,863,580,578,695,684,1102,744,651,552,1160,479
624,624,578,695,684,619,623,571,666,728,610,863,673,1160,1090,591
625,625,591,595,623,582,580,628,695,574,610,615,647,863,726,624
626,626,147,503,1027,309,779,819,968,770,542,1312,1030,231,603,300
627,627,921,950,882,577,836,750,929,1167,263,1125,909,851,918,264
628,628,597,1049,666,595,622,610,552,804,417,578,641,893,990,1115
629,629,581,76,583,84,1154,662,101,689,753,229,708,782,87,1239
630,630,566,979,671,632,769,679,1324,475,695,733,580,874,745,967
631,631,544,172,229,413,1000,376,1097,1036,219,1319,265,875,224,487
632,632,630,695,769,566,613,745,684,619,677,1129,679,733,568,874
633,633,647,654,702,695,689,617,610,554,757,959,1148,696,803,637
634,634,610,597,670,578,1340,638,687,1148,278,657,689,1160,637,582
635,635,782,616,708,647,622,683,583,670,717,922,661,943,652,629
636,636,717,710,652,670,1041,782,708,644,622,573,681,635,772,610
637,637,638,610,689,671,940,1142,582,1340,959,1148,956,185,702,659
638,638,637,1139,671,689,1238,645,610,657,88,1148,1142,40,659,695
639,639,729,862,45,1195,978,732,754,751,907,1264,966,971,719,825
640,640,596,313,1129,121,188,138,215,679,736,569,576,1146,1247,386
641,641,610,666,597,578,624,571,628,728,1023,911,770,1068,990,572
642,642,139,560,124,561,138,1129,438,1352,94,195,404,242,835,853
643,643,583,77,662,624,696,229,610,641,599,101,608,581,647,157
644,644,610,683,673,670,681,647,589,622,699,735,578,613,157,573
645,645,619,762,760,1035,638,876,747,332,740,613,623,1102,578,784
646,646,286,155,661,707,283,668,1194,253,926,531,693,249,333,941
647,647,610,683,670,644,622,696,673,633,702,637,278,681,616,1147
648,648,828,680,726,739,613,812,618,745,568,985,1310,1149,274,619
649,649,647,757,667,101,610,689,637,683,617,156,1339,902,583,616
650,650,282,438,1078,130,1348,1224,652,404,970,161,51,195,664,1132
651,651,663,744,590,863,528,676,750,778,504,798,619,896,552,967
652,652,681,782,573,610,637,699,647,656,683,670,655,600,708,689
653,653,883,784,813,963,1063,1001,417,839,898,840,990,552,1118,1101
654,654,757,659,633,637,689,638,582,647,610,657,803,702,1340,692
655,655,656,681,1337,687,573,702,637,278,610,1347,1322,928,673,1137
656,656,655,681,673,332,677,637,760,610,647,621,1035,687,645,674
657,657,695,638,684,702,1343,689,278,1238,1344,1194,611,610,567,863
658,658,659,652,585,654,672,572,600,57,582,694,637,647,573,991
659,659,654,638,1148,637,689,803,610,657,702,687,156,1238,1340,1145
660,660,668,1144,674,681,749,648,922,573,622,644,677,656,699,610
661,661,556,616,689,945,617,703,657,702,696,1194,802,144,101,1340
662,662,1234,1154,155,1332,689,77,599,694,579,703,659,92,101,1156
663,663,857,676,989,750,784,915,504,577,1062,651,798,778,896,614
664,664,1035,823,722,987,174,1036,771,936,772,376,749,1026,1034,385
665,665,766,0,835,917,759,844,482,570,257,205,354,96,880,746
666,666,763,597,552,1172,214,1160,1113,1001,935,578,676,863,794,990
667,667,649,585,647,171,670,1056,658,583,622,683,644,588,685,673
668,668,264,284,1347,946,1307,1313,958,592,288,1045,614,1169,552,1310
669,669,112,593,897,951,195,200,1019,678,1132,0,1031,1128,429,759
670,670,647,644,610,634,673,622,616,574,683,578,582,681,652,685
671,671,566,979,638,630,637,580,361,689,185,1139,611,688,330,702
672,672,572,469,945,1159,516,658,894,511,803,659,752,597,616,622
673,673,619,621,644,610,578,622,624,647,278,656,760,617,1337,749
674,674,660,656,677,652,610,1027,637,1035,699,579,156,1154,634,655
675,675,224,1097,1013,440,1318,368,272,372,314,472,393,219,424,371
676,676,504,896,663,857,877,1113,705,552,1062,741,763,276,214,895
677,677,332,645,656,567,632,1035,624,619,673,578,576,259,696,695
678,678,596,569,680,576,230,568,345,257,607,613,604,648,256,98
679,679,630,979,566,1324,1246,640,733,632,874,868,671,619,741,645
680,680,221,195,648,985,561,560,139,1019,112,745,678,445,12,257
681,681,610,644,683,656,157,622,1036,655,573,699,673,613,958,749
682,682,593,1088,305,1146,454,951,124,138,611,122,853,58,121,917
683,683,644,647,681,573,622,610,673,670,690,782,735,652,1326,696
684,684,695,619,623,624,657,676,733,927,1082,276,702,666,1102,863
685,685,622,591,647,673,696,571,624,595,1051,1316,617,702,610,670
686,686,168,982,329,428,1252,849,187,447,1018,764,386,437,342,857
687,687,610,689,1154,1340,638,634,278,659,1194,637,702,647,657,1148
688,688,718,705,651,676,623,768,737,967,1139,671,741,863,528,663
689,689,638,637,702,657,617,1340,610,695,692,687,1154,1238,659,566
690,690,615,745,475,782,573,696,647,683,160,582,574,950,618,739
691,691,700,579,171,902,1331,1334,692,1335,576,689,156,702,275,583
692,692,566,689,702,567,611,275,671,637,630,695,1335,638,700,579
693,693,277,576,695,699,911,925,568,684,687,155,852,610,1093,935
694,694,662,57,600,70,721,991,588,283,629,572,1173,101,1148,387
695,695,684,619,657,623,863,624,666,676,696,733,1102,702,504,578
696,696,695,647,702,278,624,684,1140,1238,745,689,610,400,101,685
697,697,908,125,1186,432,484,497,931,773,424,476,433,1308,1176,422
698,698,431,1141,180,1242,102,202,433,1073,91,484,311,931,191,920
699,699,610,867,157,1066,1097,1013,576,866,770,795,1072,681,1034,645
700,700,702,1340,566,1194,156,1155,567,689,957,1145,144,1156,1158,692
701,701,441,344,755,612,614,930,851,1029,741,558,466,504,592,882
702,702,556,1340,566,1148,899,278,144,567,617,689,1194,1090,1322,657
703,703,1156,1194,1335,1340,1145,1332,1154,662,689,1148,661,945,1317,144
704,704,1152,901,596,587,105,368,409,18,207,897,321,711,253,1128
705,705,676,504,737,688,663,857,718,750,651,741,784,528,896,877
706,706,714,1017,876,872,773,1037,994,1117,884,783,1046,1176,90,780
707,707,372,608,365,167,373,840,308,996,232,607,901,797,367,229
708,708,229,227,135,246,1027,1041,782,631,134,503,1114,1035,279,961
709,709,299,306,828,1242,757,890,516,803,878,922,144,1000,879,294
710,710,893,960,717,891,1095,841,1091,952,439,1058,1115,304,1022,961
711,711,921,1129,165,1122,877,849,274,120,750,568,1146,1310,555,142
712,712,577,1122,1254,889,915,921,750,1310,914,141,851,54,55,1168
713,713,872,1117,577,783,989,885,994,773,990,784,838,1001,1118,1176
714,714,90,884,1125,577,88,896,614,706,1118,540,1117,1320,994,783
715,715,882,1167,738,1118,896,504,1107,1116,214,577,726,783,676,552
716,716,1329,946,1079,899,1045,900,737,1347,1169,778,755,798,401,552
717,717,1041,710,893,960,841,636,1091,1177,1008,963,859,860,681,578
718,718,688,705,750,651,1305,869,676,623,967,276,768,671,806,528
719,719,1100,723,907,799,728,962,863,821,927,729,981,743,754,788
720,720,350,127,1197,351,428,126,349,1252,142,1175,1130,953,356,352
721,721,283,917,991,361,57,1173,694,572,1054,718,1213,160,844,454
722,722,1011,1036,749,922,993,833,846,664,823,735,1013,229,228,631
723,723,41,778,798,1170,981,884,728,870,1113,1320,962,988,777,1071
724,724,577,614,1322,552,1310,612,278,767,898,895,504,1112,776,1313
725,725,246,1177,209,934,933,1058,1089,612,758,1049,1262,234,708,814
726,726,552,739,715,1107,828,504,922,954,812,304,893,648,990,528
727,727,750,1305,278,718,792,651,755,528,1155,1136,829,700,566,715
728,728,935,723,763,793,743,777,796,761,798,778,1169,988,962,863
729,729,639,907,862,732,865,719,1016,1014,1264,584,452,870,1100,1257
730,730,796,866,777,784,453,1060,1118,762,839,212,714,798,783,778
731,731,457,447,484,168,91,329,335,1141,497,494,311,114,437,180
732,732,865,862,729,584,971,1264,978,639,970,1274,980,719,972,974
733,733,979,1102,745,769,1324,955,695,684,967,874,619,676,630,1336
734,734,867,761,866,795,858,793,852,872,1013,937,132,219,981,842
735,735,157,1097,376,1013,1081,1236,833,990,1327,60,1255,1072,229,1313
736,736,1129,188,220,939,215,1246,141,820,120,252,1247,1336,112,122
737,737,1045,899,552,401,778,798,676,59,784,863,790,791,935,896
738,738,984,874,985,1116,882,715,1118,1107,360,540,359,1062,264,1324
739,739,893,726,528,552,755,304,898,1177,745,812,896,760,1111,612
740,740,898,552,453,741,760,784,762,614,860,612,812,274,504,540
741,741,504,676,758,896,877,740,967,1062,861,1059,860,663,857,276
742,742,547,455,406,493,351,444,350,354,127,349,353,218,1130,356
743,743,761,962,754,981,795,793,796,777,728,132,799,771,867,1034
744,744,676,651,417,777,796,763,479,743,304,787,841,623,860,1071
745,745,769,874,612,1102,979,733,930,933,740,221,967,332,1090,234
746,746,813,384,1082,441,1151,794,1113,504,676,320,453,896,88,552
747,747,645,1035,1114,1027,876,332,1126,979,325,314,174,185,762,875
748,748,1035,813,265,747,24,912,232,770,1036,61,1026,1097,1047,521
749,749,743,1036,1034,761,990,552,1169,1328,935,265,836,771,922,1045
750,750,663,504,676,915,651,1076,577,857,896,855,882,712,989,354
751,751,743,754,771,876,1034,770,795,910,174,858,761,1304,1087,1085
752,752,516,945,825,894,743,878,83,1100,826,1085,770,156,1045,728
753,753,458,1234,310,510,448,435,413,1319,339,143,260,538,291,426
754,754,743,771,761,795,1034,751,1085,966,867,132,884,858,770,910
755,755,896,528,552,504,898,895,676,479,737,900,739,614,760,950
756,756,1025,825,810,826,1026,1093,601,805,807,765,966,516,83,19
757,757,654,633,616,647,943,702,156,306,556,689,637,621,649,574
758,758,741,1010,676,1062,744,602,1060,967,276,772,796,580,877,777
759,759,257,406,230,983,445,256,480,392,146,354,360,424,356,586
760,760,740,552,619,771,755,479,896,645,504,967,762,590,578,860
761,761,795,793,867,743,981,990,872,866,858,784,734,796,754,777
762,762,771,796,1035,777,884,645,740,743,798,730,778,453,760,784
763,763,666,841,214,1001,552,935,1172,863,1113,1071,728,1166,860,1068
764,764,325,471,1061,428,472,483,857,351,1305,1059,142,127,264,88
765,765,825,966,811,968,867,761,770,810,754,743,1034,795,807,132
766,766,665,0,759,835,983,917,482,880,844,892,158,794,198,746
767,767,504,768,884,214,713,723,552,1112,1113,784,989,763,935,1170
768,768,776,767,778,1170,989,1343,663,863,784,723,870,850,798,1238
769,769,930,745,979,1102,967,733,612,676,1090,619,320,860,933,630
770,770,1034,867,1027,771,743,1072,132,961,966,981,754,1025,1035,751
771,771,754,1034,743,761,762,770,760,867,910,830,1035,751,590,795
772,772,740,874,745,760,1035,758,1041,332,1010,1114,234,769,467,1107
773,773,1065,1176,872,938,609,383,1014,1017,1180,780,713,73,839,1117
774,774,776,899,398,881,850,863,778,723,768,878,798,1040,788,791
775,775,52,1307,958,102,1308,85,1347,191,318,1309,99,169,1236,1313
776,776,768,784,863,774,791,796,777,850,552,778,401,1112,798,723
777,777,796,778,798,784,981,793,1113,799,214,479,743,728,723,884
778,778,798,796,777,850,799,784,723,1329,1170,981,1169,793,884,1112
779,779,147,238,16,193,237,231,976,248,503,971,245,626,179,970
780,780,783,839,872,866,1118,994,885,1176,1117,773,937,1017,996,73
781,781,959,531,144,957,306,1340,637,940,556,1157,945,1194,68,449
782,782,148,1032,772,652,745,708,690,913,823,227,681,344,525,622
783,783,780,1118,839,994,1116,1062,872,784,937,885,713,1060,1059,1061
784,784,1113,1112,552,796,1060,777,1118,214,453,778,990,384,314,798
785,785,540,872,99,990,812,609,613,314,274,1117,898,1013,552,1112
786,786,487,518,126,453,127,436,328,1035,314,218,875,174,762,720
787,787,793,962,981,952,1071,796,988,777,763,841,743,728,744,863
788,788,935,1329,1170,1169,723,850,1045,798,1074,778,1085,899,911,132
789,789,895,791,790,1040,881,479,214,896,1076,1001,898,401,1112,778
790,790,895,791,1040,896,898,552,401,214,789,714,792,737,315,1001
791,791,1040,895,790,1112,552,1113,214,575,896,776,784,1001,401,1170
792,792,1040,896,895,791,790,898,1112,918,552,884,714,900,789,1113
793,793,761,795,981,866,796,777,787,784,867,743,872,728,778,798
794,794,676,666,1113,763,214,412,1001,896,935,1172,989,1067,504,1071
795,795,761,793,872,866,743,839,867,990,858,981,754,988,1320,728
796,796,777,778,798,784,981,793,1113,799,214,743,479,728,884,1045
797,797,550,963,1011,883,840,999,653,1013,993,990,367,1063,872,1012
798,798,778,796,777,850,784,799,1329,723,1170,1169,884,793,981,1085
799,799,778,798,796,777,743,479,401,830,829,723,850,981,36,884
800,800,938,872,1117,840,653,1011,906,994,1013,1118,1017,256,999,269
801,801,85,1017,966,1038,1012,872,795,1105,1013,911,999,994,866,1166
802,802,1143,803,878,306,556,1022,1347,945,1194,928,144,1148,597,774
803,803,1148,802,878,894,1340,306,556,299,1157,659,959,879,1159,144
804,804,214,1172,763,1166,1001,1008,990,1005,838,1091,860,552,304,839
805,805,807,810,811,825,968,826,966,765,852,801,992,761,981,867
806,806,856,1054,280,1102,623,688,676,718,619,967,651,979,671,869
807,807,805,811,968,825,826,810,765,966,1100,752,516,1025,756,511
808,808,823,12,343,445,985,438,164,221,561,835,680,560,192,429
809,809,987,779,232,237,1056,1026,231,1025,265,631,194,238,521,16
810,810,825,811,805,966,826,765,807,968,1025,1312,971,866,867,756
811,811,810,825,807,765,805,1100,826,752,968,516,966,878,723,1164
812,812,990,1118,1116,540,453,872,59,99,314,713,214,740,1125,784
813,813,441,653,784,1001,552,1076,898,1113,384,714,88,883,132,1045
814,814,139,404,158,94,195,561,234,913,221,1177,209,725,1132,560
815,815,834,822,735,833,1326,958,157,1158,923,60,1079,19,683,722
816,816,702,830,573,899,771,278,1158,817,602,306,1337,923,956,829
817,817,621,816,637,829,771,185,830,602,757,956,879,910,573,83
818,818,1322,614,750,975,915,577,398,792,1085,918,1076,790,1329,1169
819,819,503,832,147,1027,626,779,770,1097,1142,747,631,309,238,1114
820,820,112,1336,141,849,540,939,985,851,139,120,1122,736,195,445
821,821,723,1304,728,719,743,795,1100,754,41,1085,966,884,988,761
822,822,19,815,1135,944,60,1098,1158,1317,1136,1079,922,945,878,1326
823,823,1032,913,429,985,846,808,1178,812,664,192,438,745,722,782
824,824,722,922,1026,987,749,232,833,551,734,1276,385,589,516,366
825,825,810,826,765,966,1025,811,807,968,805,752,1038,866,867,1312
826,826,825,810,807,805,752,1100,156,907,811,1025,878,923,894,756
827,827,59,214,401,1140,1107,223,1315,882,783,895,1086,1242,715,1001
828,828,1186,59,577,812,995,1116,1125,540,97,1149,726,360,1147,783
829,829,830,743,778,796,777,798,799,879,479,899,651,1047,602,744
830,830,829,743,479,777,899,602,796,1047,799,778,798,771,1045,744
831,831,325,414,547,1007,478,1064,328,1306,434,1297,764,43,1319,1308
832,832,819,503,147,779,708,16,943,748,1035,589,980,232,1027,265
833,833,834,922,735,828,1236,722,1242,993,1052,812,749,815,924,1327
834,834,833,815,922,735,958,993,60,734,1236,1052,1337,1079,288,898
835,835,560,874,570,561,755,745,192,199,967,740,158,392,760,1029
836,836,577,1125,838,839,1313,1347,1169,1309,614,1307,1236,798,1079,778
837,837,1072,795,1105,1038,965,393,1243,1101,1034,89,71,981,1097,999
838,838,872,839,1166,713,1001,990,935,804,784,994,761,214,773,728
839,839,872,780,1166,885,783,838,866,1001,1118,1065,1172,1113,1180,795
840,840,1166,938,839,653,1011,1017,883,1117,1113,872,963,838,994,999
841,841,763,859,417,962,787,798,778,860,893,728,479,863,1068,1091
842,842,937,1118,1097,783,996,453,359,472,994,314,219,872,875,328
843,843,1072,699,1325,866,1038,858,157,19,825,219,837,60,499,734
844,844,676,1054,205,857,1201,705,1305,967,454,877,741,1213,917,320
845,845,552,479,417,602,1045,1049,590,1101,863,796,730,898,777,1048
846,846,227,1327,1000,823,1036,59,1242,749,376,622,76,1052,631,722
847,847,983,452,965,1050,1065,999,1166,1016,773,1014,981,990,1017,50
848,848,1045,830,959,417,771,743,1079,479,1101,1143,622,1158,950,401
849,849,686,187,1018,851,320,1252,857,142,741,168,349,820,982,1122
850,850,778,798,784,723,935,1112,768,776,1329,552,1320,899,1040,1169
851,851,577,540,614,921,274,714,889,882,142,1116,1336,1313,141,849
852,852,994,866,872,713,996,780,783,1013,64,761,795,1017,793,838
853,853,1352,138,454,593,124,305,1146,1088,861,313,205,844,849,587
854,854,73,857,877,349,663,1323,750,1062,783,1116,1018,1118,577,915
855,855,676,663,750,882,352,614,504,577,859,1112,860,989,755,934
856,856,967,741,806,1165,185,760,676,859,762,744,619,276,979,830
857,857,663,1061,676,43,1062,783,351,1059,73,349,1176,384,884,88
858,858,761,795,1085,132,866,1034,793,743,778,798,867,981,754,839
859,859,841,860,763,1091,479,676,1075,967,1165,1174,896,744,796,777
860,860,1091,763,960,619,676,896,504,863,841,859,874,304,552,578
861,861,741,390,877,205,849,853,844,305,138,758,676,857,1054,386
862,862,865,732,1264,1274,729,584,1100,639,719,971,907,968,966,978
863,863,552,1160,763,776,784,676,590,214,896,777,651,666,860,728
864,864,452,391,983,170,50,424,376,1297,965,675,434,697,1104,631
865,865,732,862,729,971,1264,978,584,1274,970,980,976,509,194,639
866,866,867,793,872,780,795,839,852,761,783,796,1013,734,777,1320
867,867,761,866,734,793,795,981,743,770,1034,132,1101,990,771,393
868,868,679,1246,313,861,185,741,138,124,640,758,390,23,205,853
869,869,873,504,676,884,857,877,714,767,1305,1113,88,1320,706,896
870,870,1014,1016,989,988,723,1065,1170,784,41,1320,768,1017,1067,907
871,871,839,728,885,1067,1071,795,793,780,783,723,512,988,872,1172
872,872,839,838,780,1118,990,795,1117,994,938,866,1013,713,1166,609
873,873,869,504,884,1258,857,767,676,723,706,989,1113,714,750,663
874,874,738,877,860,745,896,933,1062,504,740,540,755,1107,676,741
875,875,328,174,219,842,1097,770,867,515,730,393,413,325,47,1035
876,876,706,43,174,1017,328,1304,966,793,857,884,645,751,325,866
877,877,676,504,741,874,857,276,854,1062,663,869,896,882,705,1305
878,878,945,1081,1143,774,881,803,1085,556,507,802,728,1022,935,928
879,879,899,556,959,829,1076,789,1080,878,1340,881,956,1081,1347,702
880,880,110,257,429,897,708,74,98,955,345,759,123,678,1,680
881,881,778,798,1076,1170,1040,774,863,789,768,59,791,935,1080,850
882,882,715,1116,1118,1062,896,504,663,676,738,783,577,934,1107,929
883,883,653,839,798,778,900,963,1040,1113,840,813,1347,838,1180,1112
884,884,714,896,1113,723,798,90,504,1112,778,796,784,552,777,1001
885,885,1180,839,1065,1118,989,783,1117,1181,577,1116,780,351,713,872
886,886,609,351,314,453,406,472,356,471,964,575,350,349,360,88
887,887,793,796,981,777,784,1101,132,798,778,1063,866,1060,1045,1071
888,888,1058,1151,1054,389,390,574,68,585,582,647,1339,528,1115,1027
889,889,577,915,1254,614,1311,1310,914,921,141,540,1307,712,1309,784
890,890,715,214,763,465,552,666,1001,863,398,827,1172,1111,737,590
891,891,841,417,893,1115,763,744,479,304,859,960,710,1048,1001,1075
892,892,0,158,257,759,665,139,880,766,25,195,112,94,1019,429
893,893,417,552,763,304,841,739,1111,214,1091,898,1001,1049,804,1115
894,894,1164,803,1159,1022,507,752,945,1100,878,36,1148,1068,1085,556
895,895,896,1040,898,552,790,214,1112,791,1113,1001,789,504,479,792
896,896,895,504,1040,676,552,1112,214,1113,884,479,714,898,784,755
897,897,200,1031,1019,123,0,1237,112,94,951,880,195,139,559,429
898,898,895,1040,552,1112,896,784,1001,900,1111,558,790,740,453,755
899,899,1045,479,737,401,774,778,959,879,1329,850,798,928,830,528
900,900,1040,898,896,1076,1329,895,1112,899,714,755,614,558,883,1322
901,901,902,734,707,576,550,852,912,699,866,48,996,813,867,19
902,902,1335,156,1334,16,901,1326,944,1098,583,1331,19,1317,46,1136
903,903,906,996,424,1244,925,256,994,365,842,406,937,371,1318,422
904,904,680,808,560,221,1019,476,486,1130,438,823,561,812,195,525
905,905,1096,1,197,109,1127,726,204,277,932,661,926,715,616,416
906,906,1013,903,1318,675,999,424,372,1011,965,368,371,800,256,996
907,907,870,962,729,981,754,132,768,743,850,1100,728,719,858,778
908,908,456,125,360,318,931,202,471,369,450,432,335,380,697,1247
909,909,921,1083,1076,577,1140,915,264,1311,818,566,914,1309,950,223
910,910,771,754,751,830,743,602,829,1034,1035,946,762,796,858,770
911,911,132,935,788,884,966,795,714,761,1320,1170,706,1160,990,872
912,912,966,911,103,1038,974,968,965,157,972,1093,973,971,754,1350
913,913,823,429,814,139,195,782,984,1177,1032,135,985,221,561,404
914,914,915,577,889,540,1311,1254,1248,1247,1246,1310,1313,1168,1307,1309
915,915,577,914,663,889,750,1254,921,1076,712,88,1311,1321,1323,857
916,916,569,596,1057,1073,1141,54,335,456,322,678,450,568,680,432
917,917,721,844,205,0,665,361,570,454,283,96,1054,951,363,1120
918,918,896,614,1040,504,895,714,790,792,398,577,900,898,552,1076
919,919,318,127,456,380,483,471,126,908,931,697,131,56,350,142
920,920,437,318,456,908,471,191,1064,422,125,91,213,169,180,931
921,921,577,1083,889,1310,851,915,1311,712,504,264,614,540,714,882
922,922,726,833,993,1147,749,1111,622,924,834,722,963,59,828,516
923,923,754,749,1085,907,858,1034,735,826,589,376,770,818,300,156
924,924,878,46,922,84,789,1147,1316,20,1326,156,60,1325,1144,1081
925,925,256,1244,64,994,97,937,93,996,480,63,1053,95,255,1176
926,926,812,933,1005,937,713,715,954,1167,726,612,614,1315,1116,804
927,927,619,863,776,850,768,1322,935,623,684,728,788,774,401,695
928,928,899,1322,1075,401,1143,774,878,319,1347,556,949,1148,850,778
929,929,882,950,1076,899,676,750,1045,959,934,651,528,663,504,896
930,930,769,1102,612,967,676,745,504,1090,933,614,740,860,955,896
931,931,369,360,456,125,432,908,359,180,318,213,202,380,335,472
932,932,46,1344,1075,296,507,465,1068,1322,788,942,774,723,1329,841
933,933,934,860,967,874,745,276,612,882,930,1091,619,769,504,1102
934,934,933,528,882,967,676,1262,504,651,602,1010,1102,744,896,855
935,935,728,763,214,788,1169,552,1001,666,778,1172,884,798,1170,990
936,936,518,779,864,459,786,248,376,233,626,1346,1144,487,542,84
937,937,783,1118,780,872,996,713,866,1315,1172,1320,842,994,214,1314
938,938,1017,872,1117,1180,1166,773,383,965,999,1065,1016,1176,1013,839
939,939,1247,736,540,1129,112,820,1246,141,75,985,188,54,220,1124
940,940,956,957,959,637,52,89,531,60,1286,1081,887,1347,1047,288
941,941,1131,249,14,379,49,260,166,1098,254,1234,95,396,944,92
942,942,315,36,462,444,436,507,512,401,1171,1169,1067,1322,446,1170
943,943,147,503,757,1027,603,16,309,232,961,819,300,104,832,779
944,944,1098,143,941,260,291,249,1234,1131,1043,502,1134,1317,470,79
945,945,878,556,752,928,894,1022,1194,1081,802,144,1080,306,156,803
946,946,950,1169,1329,1305,1347,1045,798,88,778,755,651,1076,1256,212
947,947,1338,130,1195,825,45,248,92,1350,49,1135,973,1240,966,542
948,948,949,315,1171,462,354,942,1329,1068,1040,1065,1079,790,398,791
949,949,948,1068,507,462,315,1001,1171,942,1081,1040,1079,763,1071,401
950,950,946,1045,1079,1052,959,755,1081,899,264,1109,957,59,1125,1076
951,951,1151,593,96,124,263,121,205,327,138,1146,668,921,264,948
952,952,787,1006,1095,1023,960,1005,804,1115,304,1008,981,1068,1048,1071
953,953,360,127,472,931,369,720,432,529,100,471,126,1197,380,445
954,954,726,715,1111,926,893,304,995,994,1089,1001,1167,1107,713,1095
955,955,1102,733,676,930,769,160,1019,1324,967,1090,979,1054,745,1082
956,956,940,52,959,957,60,1347,1047,879,1084,89,1000,637,1081,1142
957,957,959,940,1081,1079,1347,531,1238,40,60,956,1076,59,1139,89
958,958,1079,52,1307,775,792,99,1347,1081,950,957,60,1313,1125,1052
959,959,957,940,1081,531,1045,1079,899,956,950,879,1076,59,1347,288
960,960,1091,860,1095,304,952,763,804,439,1008,417,841,578,1075,1115
961,961,770,1034,1115,867,385,366,761,771,232,749,743,1026,1027,981
962,962,743,981,787,723,417,793,841,728,1071,763,1113,132,884,1068
963,963,1063,1001,1111,990,1006,993,1166,1115,653,367,1011,1048,1101,883
964,964,351,575,315,886,453,512,401,942,356,791,790,609,427,127
965,965,999,1016,938,1017,966,1166,981,452,1013,1012,1014,847,990,773
966,966,968,912,981,825,1038,965,876,765,1017,754,132,770,810,911
967,967,1102,979,930,741,276,676,769,651,528,933,860,934,504,760
968,968,966,807,765,825,1038,810,770,132,805,965,912,761,754,1312
969,969,970,972,976,971,980,186,974,978,509,973,179,1348,238,237
970,970,969,976,972,971,980,978,974,509,186,973,237,1348,238,542
971,971,972,970,973,976,974,980,969,186,978,509,238,194,237,179
972,972,971,974,969,970,976,973,978,980,186,509,238,977,16,179
973,973,974,971,972,978,976,970,238,977,980,969,186,16,194,966
974,974,972,973,978,971,976,970,969,980,977,186,912,238,194,1039
975,975,258,1065,942,1014,512,1170,436,218,354,351,315,1329,818,401
976,976,970,969,972,971,980,974,978,973,186,509,238,237,779,179
977,977,974,973,972,978,971,912,79,186,969,1338,970,1351,976,143
978,978,974,972,970,971,976,973,969,980,977,186,509,865,1039,603
979,979,769,733,967,671,630,1102,566,745,580,619,1126,874,1324,475
980,980,970,976,971,972,969,974,978,973,509,237,186,147,238,231
981,981,1071,796,793,990,1023,777,761,132,988,1113,1001,1067,962,723
982,982,168,686,1018,447,1252,428,1122,386,849,329,998,73,1168,731
983,983,452,847,864,391,1050,50,965,314,393,773,392,1065,886,609
984,984,738,985,874,1121,1109,1178,540,1116,97,715,1089,360,772,1107
985,985,540,984,738,1116,360,812,445,97,99,874,1313,221,359,12
986,986,490,553,269,564,336,764,471,142,318,919,165,127,353,513
987,987,1026,232,961,385,413,779,631,267,664,521,147,809,227,16
988,988,990,1067,1071,1172,989,1068,1023,1166,1001,981,870,1069,1113,1070
989,989,870,988,663,885,1014,1113,1065,784,713,1320,1016,1017,1180,723
990,990,988,1001,1063,1166,872,981,784,761,214,1068,1071,1023,453,1067
991,991,283,572,1173,803,1159,721,659,1274,1300,280,1148,894,654,160
992,992,1170,41,723,1017,852,1320,1046,1255,1304,1033,1167,938,1321,994
993,993,1111,1011,963,228,898,1063,1101,59,922,990,89,812,653,999
994,994,872,64,1118,780,783,1117,852,996,63,995,713,1125,714,1178
995,995,1118,996,994,1116,64,1186,256,783,97,1125,1244,931,63,381
996,996,994,995,1118,64,783,780,937,1117,872,1116,852,1013,365,255
997,997,236,485,731,484,497,1351,116,494,457,95,201,72,107,418
998,998,1018,73,1176,908,142,141,456,379,349,64,95,1117,1061,1017
999,999,1013,965,1011,1050,1012,1063,938,1166,1017,990,981,1006,1105,872
1000,1000,1020,60,1101,1063,887,76,42,963,956,367,631,1081,172,1072
1001,1001,1023,214,990,1166,1111,1071,1172,1067,1113,1068,1112,988,981,1069
1002,1002,1081,1170,870,778,798,1080,988,59,850,1051,1076,1063,1023,907
1003,1003,1178,812,257,230,885,274,839,1008,990,937,392,783,1010,89
1004,1004,1005,885,780,1118,1176,255,1033,1117,256,989,872,379,350,773
1005,1005,1004,804,1091,885,1166,952,713,1001,990,1070,1071,988,787,1065
1006,1006,367,1063,952,1023,963,1166,999,1111,990,981,1011,1105,1071,1001
1007,1007,1009,1061,371,998,256,994,471,1244,1018,1017,1176,428,255,1197
1008,1008,304,763,804,1091,893,860,960,1115,417,1041,952,1069,1172,1071
1009,1009,1007,471,377,1018,994,428,406,1197,360,1061,1037,908,325,125
1010,1010,1049,758,1060,1048,882,1062,874,796,777,934,839,676,896,877
1011,1011,999,1063,1013,1012,993,228,963,1006,1050,840,996,872,1118,1166
1012,1012,999,1013,990,1011,981,1166,1063,1105,872,761,965,1001,795,1017
1013,1013,872,999,675,1097,1012,1118,1017,1011,990,866,393,938,1117,314
1014,1014,1016,1065,870,989,773,452,1180,1017,383,354,189,1170,1166,41
1015,1015,873,406,869,1082,350,666,351,911,1003,328,320,315,767,1321
1016,1016,1014,870,1065,41,965,1017,989,1170,1180,1166,938,773,988,1067
1017,1017,938,1117,1176,872,706,773,1166,1016,965,839,1013,1065,989,1014
1018,1018,998,73,142,141,428,908,1176,1122,349,456,329,168,318,1254
1019,1019,139,221,195,680,1336,955,112,560,561,94,612,1054,438,592
1020,1020,1000,42,229,1101,241,1163,631,76,270,376,367,60,397,172
1021,1021,996,381,1244,484,378,524,697,365,256,249,586,995,359,424
1022,1022,763,1068,841,1023,949,1075,597,728,878,894,417,1001,1070,1091
1023,1023,1067,1068,1001,1071,1172,1070,1069,981,988,1166,990,214,507,1111
1024,1024,82,1044,1043,1073,1057,1307,102,364,95,1308,180,775,66,1310
1025,1025,1026,825,770,756,1038,300,83,867,810,232,385,779,1072,237
1026,1026,1025,232,385,770,987,867,1072,961,265,366,219,601,300,1027
1027,1027,770,83,626,309,819,503,1034,747,911,961,771,779,867,147
1028,1028,970,969,980,976,972,971,194,978,1348,974,865,237,973,231
1029,1029,466,344,612,467,161,357,25,560,508,438,139,1089,561,769
1030,1030,328,132,1097,1314,71,988,518,1243,770,182,867,233,527,166
1031,1031,200,897,669,0,343,195,541,951,429,569,759,346,678,665
1032,1032,823,812,772,472,89,782,1036,257,192,740,745,438,1286,344
1033,1033,1180,1170,206,189,383,1065,988,1320,938,885,723,1169,1014,1004
1034,1034,771,770,1072,743,867,754,761,795,858,132,1101,981,1085,751
1035,1035,762,1036,645,771,332,770,747,453,740,772,760,61,796,328
1036,1036,1035,730,453,376,1072,749,265,401,288,61,681,89,631,487
1037,1037,90,706,1046,714,142,1017,471,1074,1018,483,406,325,1083,318
1038,1038,1085,966,132,866,1074,858,968,393,1046,825,1304,837,795,1072
1039,1039,974,978,972,44,1123,1026,973,976,970,186,193,1338,1350,969
1040,1040,895,1112,896,898,791,790,1001,214,552,900,792,1076,1113,784
1041,1041,1008,772,717,578,304,619,1035,859,841,1091,860,332,760,1114
1042,1042,481,502,1123,181,413,499,514,440,260,80,302,193,251,162
1043,1043,1308,1131,65,494,1024,66,114,95,85,116,497,1307,291,1351
1044,1044,249,95,66,65,396,1179,379,250,79,291,422,1131,64,1024
1045,1045,899,214,784,132,737,1169,401,796,1081,778,777,1001,959,552
1046,1046,1037,706,1038,90,1017,998,966,1350,1018,714,1321,1304,992,56
1047,1047,830,829,1085,1045,962,132,52,1081,602,265,479,743,956,1169
1048,1048,417,1049,981,1115,963,479,1094,796,777,1010,793,1060,1071,1023
1049,1049,1048,479,552,1115,893,1010,1101,417,896,1112,963,895,784,214
1050,1050,999,1166,1063,228,990,241,1180,1011,609,938,1013,872,314,839
1051,1051,1063,241,1081,990,1001,963,1050,1111,1055,1166,850,59,1023,791
1052,1052,950,1079,264,1081,59,1076,1077,89,1125,812,1111,1109,500,528
1053,1053,1186,125,335,931,697,480,202,256,471,432,1244,411,114,908
1054,1054,844,1102,676,769,967,246,705,1201,1142,1151,955,806,205,384
1055,1055,784,898,1107,1081,552,1109,1040,1001,990,1112,895,1076,1060,1045
1056,1056,770,907,1300,338,521,265,1002,194,208,1047,527,366,231,981
1057,1057,1318,497,371,1308,65,252,318,64,396,424,381,66,368,379
1058,1058,1091,787,1095,893,552,417,725,990,1005,841,389,1111,952,804
1059,1059,1062,1060,1061,88,1118,783,472,784,857,1116,471,483,384,142
1060,1060,1062,1059,784,88,1061,1118,1063,783,384,1116,314,453,472,796
1061,1061,1059,88,471,1062,1060,857,483,1118,142,472,783,351,764,998
1062,1062,1059,1060,1118,1116,1061,88,784,783,857,676,663,882,472,257
1063,1063,990,963,1001,1060,1111,1166,999,1011,839,784,872,981,988,1118
1064,1064,440,251,920,422,14,166,302,325,174,437,919,318,80,471
1065,1065,1014,1180,773,383,315,1016,885,351,189,1113,839,989,1181,354
1066,1066,699,867,1034,1101,132,761,1072,376,1097,1081,911,858,552,754
1067,1067,1071,1070,1069,1172,1068,1023,988,1001,507,1166,1113,981,383,214
1068,1068,1067,1023,1070,1071,1069,1001,988,507,1172,990,949,1166,763,981
1069,1069,1071,1070,1067,1172,1068,1023,507,1001,988,1166,1113,763,383,839
1070,1070,1069,1067,1071,1068,1023,1172,1001,383,1166,507,988,763,1065,1113
1071,1071,1069,1067,1070,1172,1023,1068,1001,988,981,214,1113,507,990,1166
1072,1072,1034,1101,837,393,376,1105,770,867,858,795,132,265,1036,1012
1073,1073,1307,327,1309,1083,102,1310,311,698,202,318,180,1141,456,1311
1074,1074,1085,132,1076,1045,1081,90,384,788,88,1329,784,850,264,1116
1075,1075,1068,841,401,1164,539,928,507,407,942,293,763,859,465,479
1076,1076,88,784,1081,577,1040,1181,1329,59,1125,896,1045,384,483,1083
1077,1077,1001,1111,1081,59,1107,1079,1071,1023,214,1045,528,1101,1076,1069
1078,1078,902,282,51,265,268,104,943,16,1348,1028,248,650,1334,1224
1079,1079,1081,898,959,1045,59,1076,950,1329,957,1001,20,1077,958,401
1080,1080,1170,1329,1238,40,1076,798,778,1255,881,788,507,1243,1033,493
1081,1081,1079,1076,59,1001,1045,959,20,957,898,1077,1085,1074,60,784
1082,1082,676,860,882,684,619,896,855,504,392,695,869,352,877,769
1083,1083,921,1076,264,483,1125,351,1116,577,1061,88,1305,471,714,350
1084,1084,1085,1087,1137,1304,956,538,52,426,523,1038,166,1169,156,458
1085,1085,132,1074,858,798,778,1045,743,1081,1038,1087,1347,981,1170,1169
1086,1086,401,512,59,495,1045,453,789,1077,214,317,36,839,1315,1001
1087,1087,1304,1085,43,40,798,127,1170,1320,328,1084,330,778,1074,796
1088,1088,122,1146,1129,138,58,124,120,853,121,682,220,242,593,1352
1089,1089,612,466,933,739,1107,984,726,738,1029,755,985,874,552,1177
1090,1090,1142,160,1102,745,930,769,552,702,528,935,967,860,319,850
1091,1091,860,960,763,841,804,1005,893,859,1095,1008,304,552,863,1112
1092,1092,963,1001,804,214,1111,838,836,1125,1315,1178,990,1107,828,739
1093,1093,1334,912,103,1026,699,1072,693,1087,19,1338,277,551,61,601
1094,1094,1048,1115,961,1111,1006,891,770,981,1100,367,952,366,132,1095
1095,1095,952,960,417,304,1091,893,841,1023,1068,962,728,763,860,981
1096,1096,416,362,106,235,111,1127,1250,109,197,905,420,703,661,266
1097,1097,675,1013,393,302,425,314,219,434,376,842,453,472,1286,990
1098,1098,944,143,941,291,249,1234,260,1131,1043,1317,1134,502,79,1044
1099,1099,1005,304,1008,1006,952,839,1069,1178,804,1010,1106,439,787,1071
1100,1100,719,723,962,907,743,728,1068,752,894,132,927,981,821,825
1101,1101,132,1072,981,1063,1001,867,1111,887,1000,990,963,1071,1034,1049
1102,1102,967,930,676,769,979,504,733,745,623,1090,1324,612,860,955
1103,1103,1104,184,73,201,140,95,75,379,998,79,497,152,456,1044
1104,1104,1103,140,184,1017,152,318,73,1016,965,795,1014,938,983,1013
1105,1105,393,1013,1012,1118,89,1063,1072,999,1006,255,990,795,812,76
1106,1106,1005,137,1004,1178,839,1315,1325,1099,255,1105,76,381,378,995
1107,1107,1109,784,1001,214,1111,552,990,783,1118,1062,1055,898,1077,467
1108,1108,515,328,799,742,547,1175,493,218,875,325,487,1305,786,1130
1109,1109,1107,1055,1116,467,812,898,882,950,320,1062,715,984,59,784
1110,1110,1109,1055,1107,320,784,264,1062,1113,1001,769,1256,860,855,263
1111,1111,1001,1063,1077,963,898,990,1023,1107,993,1071,214,59,893,1069
1112,1112,1113,1040,784,895,552,896,214,791,1001,898,884,990,778,798
1113,1113,1112,784,214,1001,1172,896,1071,981,1067,884,796,791,777,989
1114,1114,1126,332,772,979,745,234,747,1035,760,645,769,259,1324,1041
1115,1115,963,417,1048,1049,893,1111,304,952,1008,961,960,891,763,744
1116,1116,1118,142,1125,88,1062,360,783,97,540,472,351,99,577,314
1117,1117,1118,872,938,1176,994,1017,713,885,63,1116,142,64,97,73
1118,1118,1116,783,1062,88,872,1117,784,780,994,142,885,1060,1125,839
1119,1119,470,422,260,341,14,251,143,524,1064,546,248,440,532,1240
1120,1120,205,857,1258,873,975,1061,705,741,1305,869,750,1113,844,128
1121,1121,984,985,1219,540,745,1360,1109,1052,1110,950,99,874,1313,195
1122,1122,1018,712,141,1254,998,252,1168,577,73,921,851,349,1336,889
1123,1123,499,502,260,1042,1318,1131,497,186,193,250,272,440,249,152
1124,1124,318,56,360,456,327,908,1247,380,931,127,99,919,359,335
1125,1125,1116,577,483,714,351,1118,142,264,1313,540,318,1186,99,994
1126,1126,1114,332,234,979,745,769,772,1324,747,645,1102,221,259,733
1127,1127,109,108,1259,111,1258,750,266,1304,1321,1323,206,1251,663,436
1128,1128,112,215,252,939,1057,54,105,152,1309,220,596,1168,736,569
1129,1129,736,220,122,1336,1247,120,1088,1246,121,939,55,851,138,141
1130,1130,1175,547,453,720,351,476,100,425,434,314,126,512,401,127
1131,1131,941,249,79,499,1043,254,260,143,1044,251,1179,379,42,1351
1132,1132,195,404,112,561,139,94,560,242,814,158,344,1133,1219,680
1133,1133,52,51,946,1347,1313,1256,1322,78,668,950,958,20,775,1079
1134,1134,1304,49,1098,460,944,941,1317,1131,513,1325,1234,156,310,143
1135,1135,1317,1240,1255,40,60,1335,1080,1239,1136,87,1238,1340,310,957
1136,1136,1135,19,957,879,144,959,301,956,60,822,1335,700,1339,156
1137,1137,1084,1238,1143,1169,36,401,942,1347,407,507,957,878,1045,1087
1138,1138,123,922,1073,301,1024,1147,901,322,569,171,828,1136,441,402
1139,1139,1238,40,88,1305,638,784,1076,223,453,59,314,676,896,1113
1140,1140,400,223,1238,959,1139,401,264,278,1143,59,1076,827,427,1347
1141,1141,335,311,731,329,91,326,93,484,457,698,327,598,1073,180
1142,1142,1090,959,602,967,637,1102,185,638,702,528,879,899,479,623
1143,1143,1169,1347,1045,401,935,427,464,507,36,802,317,1170,878,798
1144,1144,60,156,1327,385,376,265,749,957,735,527,878,46,1036,458
1145,1145,1194,1340,1157,1148,144,702,556,959,1335,957,1154,945,1155,1143
1146,1146,1088,853,122,58,1129,138,454,593,121,120,951,305,682,124
1147,1147,1149,59,828,922,20,1081,881,924,1079,1076,935,713,878,789
1148,1148,1340,1157,702,1194,610,1343,803,1238,144,1243,556,36,1335,1347
1149,1149,1147,828,54,59,53,648,1236,1310,277,97,713,63,577,1307
1150,1150,131,99,1313,1236,318,380,142,483,1125,1124,1307,919,55,54
1151,1151,951,1054,746,390,94,96,234,570,392,246,593,0,1082,263
1152,1152,367,937,783,1005,1060,1095,624,1142,1320,1313,863,1091,793,1307
1153,1153,425,126,477,472,1241,310,317,434,1042,1130,1230,697,262,181
1154,1154,1332,1335,155,1194,1343,689,1340,687,662,1148,1317,103,1334,1344
1155,1155,1340,702,1194,566,1305,1335,1343,144,363,1139,1145,1156,671,638
1156,1156,1194,703,1340,1332,1155,689,1154,1335,1145,702,638,657,275,144
1157,1157,1340,1148,1145,144,959,1194,957,1347,556,306,803,637,702,1343
1158,1158,1194,1347,1340,1047,1148,1143,899,278,306,792,1337,928,144,946
1159,1159,894,572,1344,597,803,1148,1022,991,1343,1164,1340,299,1160,507
1160,1160,552,863,666,214,935,981,578,597,723,990,777,796,784,778
1161,1161,1016,1014,773,1065,1017,1176,1180,870,43,1170,73,41,1344,274
1162,1162,1076,528,737,784,882,1045,755,1107,577,59,900,1111,750,896
1163,1163,1020,229,1101,76,367,1000,487,397,963,132,89,1006,1063,42
1164,1164,507,1067,1069,1172,1023,407,1068,1071,1075,894,942,1070,36,427
1165,1165,859,967,1174,856,1060,741,841,676,528,760,479,860,744,1091
1166,1166,1001,990,839,1067,872,988,838,1023,1071,938,1113,1172,1068,1063
1167,1167,715,577,1118,1172,713,214,1323,882,1125,994,1001,750,884,885
1168,1168,1254,72,915,914,95,54,1248,73,1247,252,1122,1018,1246,577
1169,1169,1329,1170,798,778,1045,935,777,1238,728,796,788,401,1347,942
1170,1170,1238,1080,1180,1169,723,798,778,1329,1113,1320,784,1255,1016,1033
1171,1171,942,948,315,949,462,507,512,1180,935,881,198,1068,1329,36
1172,1172,1071,1067,1069,214,1001,1023,1070,988,1113,666,507,1068,839,763
1173,1173,768,452,283,1171,870,1080,70,942,1238,1243,1069,1343,507,1014
1174,1174,859,1091,860,1165,960,1008,967,479,741,1099,744,1048,841,787
1175,1175,609,1130,453,314,351,720,476,575,493,315,1125,512,399,812
1176,1176,73,1117,1017,773,998,780,206,64,872,1065,1018,1321,857,43
1177,1177,739,725,745,209,1262,893,1055,1089,726,552,1091,755,898,1058
1178,1178,994,540,839,812,872,780,996,97,1117,586,995,783,99,1118
1179,1179,66,79,65,95,1044,379,249,1244,48,368,396,63,1131,143
1180,1180,1065,315,885,938,189,1170,609,872,1181,383,1320,773,839,1166
1181,1181,99,73,885,1180,318,1065,97,1116,1125,577,88,1076,483,142
1182,1182,484,168,1168,154,311,329,731,1351,73,457,529,1176,489,1197
1183,1183,1192,1289,1294,1293,28,30,917,1280,10,454,1358,8,844,1191
1184,1184,1280,1196,1267,28,1215,10,1192,1270,1289,1209,34,1207,5,1294
1185,1185,1358,1191,1190,1285,1263,1268,1192,1261,284,1260,51,363,1356,357
1186,1186,360,125,202,697,351,1125,380,359,931,1053,471,180,476,369
1187,1187,1271,1299,1292,1200,5,1204,1202,32,34,1210,1303,1283,6,27
1188,1188,1233,1210,1356,1263,1362,1260,1193,1293,1200,1232,1357,1290,1271,1355
1189,1189,345,110,259,378,222,38,228,230,1,257,1330,586,1111,954
1190,1190,33,1292,21,1282,1279,1277,1296,1361,6,8,1283,284,745,1324
1191,1191,769,930,1358,933,844,967,1285,745,741,979,676,701,264,441
1192,1192,1183,1285,1289,8,1184,1217,1287,9,844,1357,1191,28,1209,1280
1193,1193,1229,1287,1210,32,1211,1215,1207,1289,28,1362,1293,1271,1203,1202
1194,1194,1145,1340,1148,144,1335,1156,702,1143,1157,1169,1154,1343,556,1158
1195,1195,49,1351,1338,1350,1304,639,1335,155,947,1317,156,44,1084,1234
1196,1196,34,1209,1184,1199,4,1204,1215,1293,1303,759,1207,5,1198,6
1197,1197,473,350,360,418,351,127,483,529,125,318,423,720,908,335
1198,1198,4,1229,34,1210,1193,1215,1199,1214,1204,1203,1222,1207,1220,13
1199,1199,1204,1215,5,6,1211,1202,8,1209,1216,1207,26,1272,13,1205
1200,1200,1211,13,1222,4,1287,1204,1187,1232,1193,33,1292,1205,5,1202
1201,1201,844,1054,857,854,1252,877,205,1305,764,686,428,168,447,676
1202,1202,1207,1205,1216,1199,1211,1260,6,10,1210,1193,1204,9,1214,1223
1203,1203,1205,1206,1210,1222,1193,1223,1284,1209,1199,1215,1202,1198,1207,15
1204,1204,1199,6,1215,8,5,26,1207,33,1205,1211,1299,1202,13,1200
1205,1205,1203,1214,1202,1271,1218,1210,1204,1223,1206,6,1199,32,1209,1299
1206,1206,1203,10,1205,1267,1210,1202,1207,1216,1209,1260,1228,32,1218,1199
1207,1207,1202,1193,1204,1199,1216,10,1209,1206,1198,1203,1293,1287,1281,1196
1208,1208,288,959,957,940,1341,1142,223,400,294,172,515,401,505,376
1209,1209,10,34,1196,1199,1270,1303,1203,1205,1207,1204,1293,1267,1206,1216
1210,1210,1193,1188,1229,1271,1205,1203,32,1202,1216,1198,1215,1287,1206,1233
1211,1211,1287,1215,4,1200,1193,898,613,1199,1272,1216,1212,5,33,6
1212,1212,6,1211,5,1199,1292,4,1216,1215,8,1233,1210,1200,1204,1205
1213,1213,844,688,718,283,1259,197,1201,1120,705,917,1054,363,676,651
1214,1214,1205,1216,6,1293,1202,1198,1199,1229,1210,10,34,1353,1223,1193
1215,1215,1199,1211,5,1204,8,1193,4,32,1210,1198,1196,1216,898,1180
1216,1216,1293,1202,1211,1199,1214,1207,1272,1210,6,10,1287,1233,9,1215
1217,1217,1223,1211,33,1279,1192,1273,13,1200,1287,1202,1220,161,1357,1301
1218,1218,1205,1222,1284,32,1210,1203,1206,1200,1193,1223,1295,1214,1202,1209
1219,1219,500,348,199,221,1121,985,327,264,560,540,1124,537,288,486
1220,1220,13,4,1222,1265,1211,15,6,1295,1223,1266,1200,1198,1272,1204
1221,1221,1223,1260,77,139,1269,244,33,131,375,1217,1188,110,5,161
1222,1222,1200,1203,1220,1218,4,1198,1193,1211,1210,1205,1223,1284,13,1287
1223,1223,1217,1205,1203,1202,15,26,1220,1211,1214,1265,1358,1279,1216,1287
1224,1224,1348,969,970,130,210,976,509,980,972,186,601,303,978,603
1225,1225,50,248,275,1030,936,518,92,1097,662,256,131,155,1323,1247
1226,1226,759,195,1277,1280,1028,438,1231,808,357,680,38,200,112,1294
1227,1227,1261,1294,1358,1268,1267,1301,1298,1361,1228,10,1263,1191,1296,1357
1228,1228,1294,10,7,1232,1206,1216,32,1263,1209,1193,1359,1268,1261,1227
1229,1229,1193,1210,1198,1362,28,1214,1203,1202,942,1207,1215,1033,32,1293
1230,1230,230,1186,1053,697,113,1244,360,378,995,931,369,1315,480,842
1231,1231,28,1280,1289,1264,729,1193,1274,1293,1226,130,862,1183,1207,271
1232,1232,1301,1263,1357,1200,1260,1261,1228,1361,1292,7,1268,1188,1302,1296
1233,1233,1188,1260,1356,1355,1271,1263,1362,1283,6,33,1290,1302,1216,22
1234,1234,155,143,941,87,1351,753,92,662,291,396,1098,95,79,1244
1235,1235,292,542,338,589,894,147,511,1335,16,803,156,117,1159,179
1236,1236,1309,1313,1310,1307,577,99,1125,54,1124,836,318,540,1311,1181
1237,1237,559,1019,897,158,200,561,195,1054,94,123,814,560,357,404
1238,1238,1170,1139,1243,464,1169,1080,1255,1314,1045,40,798,778,935,59
1239,1239,1317,1238,87,1314,1135,458,275,1240,1243,59,40,76,1234,1154
1240,1240,1323,1135,40,1167,1255,127,1315,1087,1305,1317,206,1170,1238,1248
1241,1241,476,47,1319,181,413,1308,228,262,425,471,812,229,842,472
1242,1242,380,433,931,89,213,476,369,1244,360,919,534,529,127,102
1243,1243,1238,988,1180,1170,507,1314,1071,1172,1067,1255,1069,990,189,1169
1244,1244,256,125,255,81,381,379,484,925,931,93,97,369,424,908
1245,1245,1168,1338,1251,109,1304,143,72,107,1351,49,1254,1321,95,111
1246,1246,1247,914,131,318,1168,915,456,1311,56,55,1313,1256,471,577
1247,1247,1254,75,56,908,141,360,456,1311,73,93,318,1310,1246,54
1248,1248,1254,577,1323,142,1311,1116,1321,56,914,1313,141,318,55,456
1249,1249,454,1201,284,1129,844,96,205,593,857,1182,1061,917,353,220
1250,1250,106,1080,689,78,1154,157,1317,637,702,108,1340,109,87,197
1251,1251,1245,109,1321,111,1127,1320,1254,1304,72,1168,235,1064,106,108
1252,1252,686,428,168,720,764,982,514,849,154,196,857,165,187,1018
1253,1253,525,486,344,1349,438,500,953,100,325,330,1032,1130,812,720
1254,1254,1247,141,1248,889,577,1321,72,1310,712,914,915,73,75,1018
1255,1255,1320,1170,784,1238,399,1317,1181,577,59,1081,89,1118,1125,1314
1256,1256,1313,1307,1320,1347,61,946,137,314,40,99,730,88,264,784
1257,1257,729,1304,1258,639,45,1338,271,46,978,51,1047,719,1195,732
1258,1258,1259,873,1321,915,869,1304,90,818,857,1120,1329,767,1127,1306
1259,1259,1258,1127,1321,750,854,1248,1305,1323,915,663,1320,1168,108,688
1260,1260,1290,1263,1261,1233,10,1302,1265,1354,1202,1188,1361,1266,1270,1293
1261,1261,1260,1267,1290,1355,1263,1270,1227,10,1265,1361,1302,1266,1232,29
1262,1262,934,967,930,651,1102,933,1177,417,552,1090,528,676,860,841
1263,1263,1260,1232,1188,1233,1261,10,1290,1267,1301,1266,1302,1361,1355,29
1264,1264,862,865,1274,732,980,971,729,639,147,1348,542,130,626,584
1265,1265,1282,26,1361,1260,1266,13,1261,1220,1292,22,1272,1270,1209,1301
1266,1266,1270,1355,1267,1354,1359,1265,34,1290,27,1260,10,1303,1263,1261
1267,1267,1261,1266,10,1290,1263,1270,1206,1260,1184,1209,27,29,1227,1228
1268,1268,1361,1301,161,357,1298,1273,1358,7,1227,1232,1263,1291,148,1228
1269,1269,33,1292,1361,1282,1357,6,1265,1233,1277,1299,7,1232,1302,1183
1270,1270,1266,1355,1282,10,1290,1209,1261,22,1260,1267,26,1265,1294,1303
1271,1271,32,1187,5,1233,1205,1210,1356,6,1193,1292,1299,1302,1202,34
1272,1272,1211,1295,1279,13,1216,1199,6,1282,1361,1265,15,21,4,11
1273,1273,1277,1279,33,1282,1361,26,1301,21,6,1298,1268,8,195,1278
1274,1274,862,865,1264,732,991,1300,584,980,806,194,770,729,626,283
1275,1275,80,251,300,302,225,440,179,186,1064,193,1042,260,1276,183
1276,1276,1312,300,1275,232,1334,48,250,16,1026,80,1039,186,413,987
1277,1277,1273,1357,33,1301,1282,1361,6,30,1190,1292,21,1299,34,1226
1278,1278,1298,11,1279,745,466,1273,21,139,592,913,195,344,1223,1360
1279,1279,21,11,1273,1361,23,1298,1278,13,33,344,1272,139,1282,195
1280,1280,1289,28,1231,1294,1184,1357,1356,1293,1193,1226,1183,1264,1274,806
1281,1281,9,1211,1293,1207,1287,1362,1202,4,1204,1295,1198,6,1303,34
1282,1282,21,1361,26,1273,1277,1299,13,1265,33,1270,1279,1292,1269,1303
1283,1283,1299,1233,1303,6,1282,33,5,1190,1292,13,1271,1359,1260,1200
1284,1284,1203,32,1218,1193,1215,1205,1210,1206,1198,1184,1196,1222,1212,1209
1285,1285,844,1191,1192,8,1252,982,764,769,676,1054,1305,363,1201,1190
1286,1286,471,127,288,411,126,125,472,47,1097,931,456,1308,102,318
1287,1287,1211,1193,32,9,1200,1289,15,5,1216,33,1202,1210,8,4
1288,1288,307,1079,148,570,683,618,1090,1151,392,1052,565,1133,951,1081
1289,1289,28,1280,1293,1231,9,1193,1183,1287,1294,1192,1356,1216,10,34
1290,1290,1260,1354,1355,1270,1261,1267,1266,1233,1263,22,29,1359,27,34
1291,1291,23,124,1298,1361,344,138,525,593,861,1358,305,1349,592,853
1292,1292,1299,1269,6,33,1187,1271,1282,1190,5,1302,1211,1265,1277,1303
1293,1293,1216,1289,9,1303,4,1193,34,28,6,1214,1183,1260,5,1356
1294,1294,1228,1280,1183,1289,10,1227,1165,28,1270,1216,474,29,983,1358
1295,1295,1272,1211,1299,26,1303,1220,6,1292,4,1287,1270,1282,1355,1293
1296,1296,30,1357,33,1190,1358,1301,1277,1361,6,1200,1292,1232,7,1355
1297,1297,546,219,14,411,502,931,180,125,1308,213,291,440,919,456
1298,1298,23,1361,21,344,1278,438,592,508,195,525,486,1029,560,745
1299,1299,1283,6,1292,26,33,1282,1187,5,1295,1303,1204,1271,1199,1277
1300,1300,907,1056,770,338,1030,870,962,1027,1274,991,1312,728,793,132
1301,1301,1357,1277,1232,1361,1268,1273,1263,1282,1265,7,1296,1292,1261,1227
1302,1302,6,1260,10,1271,1233,1361,1292,1261,5,1263,1355,34,1277,32
1303,1303,4,9,1293,34,13,1299,1209,1355,1282,6,1283,1295,1266,1292
1304,1304,1320,1321,1087,43,1338,876,40,1085,140,1170,1306,798,174,328
1305,1305,88,1139,857,1076,1061,676,946,1083,764,165,483,1306,330,1060
1306,1306,43,1305,1304,1087,330,1061,857,325,1064,876,915,1258,1320,40
1307,1307,1313,1310,1309,97,99,1311,577,318,85,63,142,1236,889,1125
1308,1308,191,125,497,114,311,180,697,102,291,484,920,1318,318,169
1309,1309,1310,1307,1313,1311,577,1236,889,99,55,56,54,318,1247,1125
1310,1310,1309,1307,577,1311,1313,54,1247,1236,56,889,540,1254,921,142
1311,1311,577,1310,1313,540,1309,1307,1247,56,889,1125,914,1248,97,142
1312,1312,601,300,825,968,867,966,1276,603,810,765,589,912,779,754
1313,1313,1307,577,1310,99,1311,142,1309,97,1125,318,1116,1320,55,1236
1314,1314,59,89,76,1315,81,1238,1243,88,784,1118,1255,1172,937,1244
1315,1315,1314,937,866,812,1172,839,59,793,1118,214,783,872,780,1180
1316,1316,1243,1238,1314,507,924,878,36,1315,1317,583,990,76,495,451
1317,1317,1255,1238,40,1135,1170,1080,1239,1304,1314,1320,1325,1335,155,87
1318,1318,272,371,368,440,256,1013,675,424,79,255,1244,1308,906,422
1319,1319,413,675,544,448,1241,262,1308,270,1097,224,229,481,458,1318
1320,1320,1321,1304,314,872,1180,41,90,1170,989,723,784,1313,714,1255
1321,1321,1320,1323,1254,141,1176,90,1304,73,577,1117,1248,206,1313,140
1322,1322,401,942,1329,790,1169,928,900,464,1170,315,1079,798,614,791
1323,1323,1240,1321,1248,1320,577,1118,915,783,88,73,491,1167,994,43
1324,1324,1336,314,577,1116,1102,360,540,738,99,733,1323,979,1247,769
1325,1325,1313,1304,1320,1317,1307,1321,513,1106,1255,866,798,1323,836,839
1326,1326,1327,60,878,1143,924,172,449,622,448,84,61,1322,46,227
1327,1327,1242,60,376,735,544,1326,1036,536,1144,846,631,919,61,172
1328,1328,789,1023,749,935,214,1001,20,878,479,1143,796,841,1172,963
1329,1329,1169,798,778,1170,1080,1076,788,1347,1320,900,946,899,850,40
1330,1330,359,369,360,1314,1244,1186,223,931,222,547,264,340,1242,89
1331,1331,1334,902,16,1335,156,1093,300,1338,1195,49,1276,943,499,639
1332,1332,1154,155,1335,1343,1156,1194,611,662,1334,657,1344,638,689,1340
1333,1333,1236,985,1309,1311,1313,1219,680,348,99,500,1310,1307,221,618
1334,1334,1335,16,157,300,1338,1093,156,155,1304,499,1154,837,1308,1332
1335,1335,1154,1332,1194,1334,1148,156,1340,1317,275,1155,52,144,1145,155
1336,1336,1324,851,540,1247,1129,1122,577,360,1116,314,141,820,320,1019
1337,1337,288,401,278,319,1079,1347,899,1169,755,898,702,1322,1036,790
1338,1338,1304,49,1334,166,1351,45,1195,251,143,302,103,44,131,193
1339,1339,647,1340,60,1335,1136,449,1317,1148,879,556,156,1157,144,622
1340,1340,1148,1157,144,1194,556,1145,702,803,306,959,1156,1155,879,637
1341,1341,543,959,401,1081,288,376,522,942,899,36,1074,1322,1208,1079
1342,1342,1161,1334,44,912,424,64,773,965,1318,699,598,996,50,925
1343,1343,1344,768,1148,778,798,1160,776,763,935,942,1172,863,597,1170
1344,1344,1343,1172,597,728,666,1070,988,1071,942,507,1067,1148,863,1014
1345,1345,1351,997,155,324,1332,1154,1195,470,485,1331,1335,1334,236,79
1346,1346,1178,230,137,99,89,1244,97,256,85,1106,586,812,1236,255
1347,1347,1329,1169,40,1143,798,1170,1045,778,1085,52,957,946,1238,899
1348,1348,303,542,509,970,210,211,130,1224,147,969,976,186,179,980
1349,1349,1305,946,525,950,1253,812,1109,740,284,100,344,327,1032,772
1350,1350,1351,1046,1304,43,912,1195,1338,1306,1087,1038,1182,1064,1197,706
1351,1351,1350,116,95,485,1195,49,1304,1308,79,997,1234,169,93,251
1352,1352,853,138,124,454,593,1088,1146,158,642,1129,305,861,0,139
1353,1353,6,10,1214,1272,13,33,1263,1273,27,34,1216,1299,1260,1303
1354,1354,1290,1266,34,1260,1359,1355,22,27,1233,29,1263,1302,6,1299
1355,1355,1266,1233,1270,22,1290,1356,1261,1303,1354,1260,34,1302,1359,27
1356,1356,1233,1188,1271,1355,1293,1289,1280,1358,1357,9,1302,7,1260,1305
1357,1357,1301,1277,1361,33,1296,1232,1269,1292,1280,1356,7,1273,1358,1282
1358,1358,1191,1298,701,23,930,1227,1361,951,592,1268,1356,1296,818,264
1359,1359,1266,1354,1303,1355,1290,1293,34,1270,1272,4,1233,22,1283,1260
1360,1360,555,985,500,1121,322,1116,441,984,1052,738,1109,540,12,745
1361,1361,21,1298,1282,1268,1279,23,33,7,814,1273,1301,1265,1269,26
1362,1362,1188,1233,1193,1229,1260,1271,1293,1281,1359,6,9,1355,1202,1356
