,0,1,2,3,4
0,[0],[370],[461],[598],[114]
1,[1],[842],[286],[409],[1248]
2,[10],[101],[94],[126],[1282]
3,[100],[155],[748],[1362],[977]
4,[1000],[862],[850],[945],[870]
5,[1001],[1004],[851],[866],[1002]
6,[1002],[1027],[941],[1001],[856]
7,[1003],[998],[582],[878],[169]
8,[1004],[1001],[1027],[866],[1002]
9,[1005],[932],[936],[945],[930]
10,[1006],[878],[906],[860],[1028]
11,[1007],[923],[922],[1197],[442]
12,[1008],[1197],[172],[659],[442]
13,[1009],[870],[1027],[926],[923]
14,[101],[1221],[94],[73],[263]
15,[1010],[442],[1009],[862],[274]
16,[1011],[1102],[473],[973],[1268]
17,[1012],[541],[451],[1356],[464]
18,[1013],[1057],[308],[1056],[318]
19,[1014],[511],[795],[1138],[958]
20,[1015],[745],[743],[962],[740]
21,[1016],[923],[998],[926],[1018]
22,[1017],[992],[915],[933],[906]
23,[1018],[940],[1109],[934],[1016]
24,[1019],[641],[593],[312],[953]
25,[102],[699],[1122],[114],[276]
26,[1020],[926],[941],[910],[918]
27,[1021],[911],[992],[933],[912]
28,[1022],[880],[932],[924],[846]
29,[1023],[1006],[933],[906],[907]
30,[1024],[939],[921],[837],[932]
31,[1025],[1024],[358],[939],[993]
32,[1026],[916],[846],[930],[861]
33,[1027],[1004],[1002],[1016],[1001]
34,[1028],[849],[1002],[860],[1006]
35,[1029],[114],[1319],[1082],[102]
36,[103],[62],[1359],[228],[232]
37,[1030],[1201],[697],[473],[1344]
38,[1031],[1097],[1275],[1308],[842]
39,[1032],[0],[998],[114],[370]
40,[1033],[798],[825],[985],[740]
41,[1034],[422],[687],[960],[555]
42,[1035],[1227],[1332],[1328],[1040]
43,[1036],[543],[1063],[830],[560]
44,[1037],[977],[1134],[707],[1135]
45,[1038],[977],[946],[989],[347]
46,[1039],[74],[1138],[603],[824]
47,[104],[18],[93],[154],[197]
48,[1040],[1035],[959],[833],[95]
49,[1041],[848],[619],[989],[977]
50,[1042],[657],[55],[38],[76]
51,[1043],[792],[1044],[47],[1236]
52,[1044],[632],[985],[1051],[634]
53,[1045],[1046],[1083],[1048],[1054]
54,[1046],[1045],[1083],[1048],[951]
55,[1047],[291],[1048],[1125],[954]
56,[1048],[1284],[895],[182],[1046]
57,[1049],[311],[397],[420],[1252]
58,[105],[751],[803],[1272],[1107]
59,[1050],[1078],[1077],[955],[745]
60,[1051],[745],[672],[1078],[633]
61,[1052],[1066],[1070],[960],[902]
62,[1053],[1243],[91],[287],[1188]
63,[1054],[1055],[1056],[1085],[778]
64,[1055],[1054],[1056],[1057],[667]
65,[1056],[1057],[1055],[1083],[1054]
66,[1057],[1056],[1055],[1083],[1054]
67,[1058],[1083],[1046],[1354],[1136]
68,[1059],[1050],[745],[635],[712]
69,[106],[209],[1146],[1177],[402]
70,[1060],[1050],[1076],[1066],[955]
71,[1061],[1070],[955],[7],[525]
72,[1062],[1065],[900],[895],[1124]
73,[1063],[689],[670],[830],[835]
74,[1064],[1075],[1097],[1086],[72]
75,[1065],[895],[1062],[59],[1124]
76,[1066],[1078],[1050],[955],[1052]
77,[1067],[1076],[1103],[1346],[368]
78,[1068],[1044],[887],[792],[1248]
79,[1069],[1242],[833],[1070],[892]
80,[107],[168],[73],[92],[12]
81,[1070],[1085],[892],[1228],[1227]
82,[1071],[1046],[1081],[1045],[694]
83,[1072],[697],[465],[449],[695]
84,[1073],[1066],[1052],[603],[1328]
85,[1074],[949],[526],[1057],[1056]
86,[1075],[1064],[1086],[1097],[1108]
87,[1076],[1066],[1067],[1060],[883]
88,[1077],[727],[779],[777],[728]
89,[1078],[1050],[1077],[779],[197]
90,[1079],[414],[568],[960],[834]
91,[108],[119],[111],[1278],[116]
92,[1080],[619],[883],[1220],[101]
93,[1081],[1278],[895],[116],[111]
94,[1082],[1122],[114],[504],[277]
95,[1083],[1056],[1046],[1057],[1055]
96,[1084],[1316],[543],[1343],[1079]
97,[1085],[1087],[1070],[1321],[1125]
98,[1086],[1097],[1108],[1075],[1308]
99,[1087],[1085],[954],[835],[1284]
100,[1088],[1235],[947],[566],[559]
101,[1089],[392],[1138],[958],[887]
102,[109],[116],[111],[117],[118]
103,[1090],[1139],[1137],[946],[593]
104,[1091],[473],[1171],[801],[1236]
105,[1092],[1099],[1124],[954],[1196]
106,[1093],[898],[1096],[1225],[1098]
107,[1094],[1179],[1126],[208],[1100]
108,[1095],[1096],[787],[1098],[905]
109,[1096],[787],[1098],[1095],[946]
110,[1097],[1086],[1308],[1108],[1075]
111,[1098],[1096],[1095],[787],[1094]
112,[1099],[1173],[788],[791],[1122]
113,[11],[133],[1320],[84],[1321]
114,[110],[111],[116],[95],[117]
115,[1100],[1163],[1101],[1179],[1094]
116,[1101],[1284],[1179],[122],[989]
117,[1102],[1205],[1159],[1210],[1011]
118,[1103],[1346],[1203],[1201],[184]
119,[1104],[1062],[1105],[1167],[1309]
120,[1105],[1196],[1106],[1158],[789]
121,[1106],[1105],[1196],[1107],[1158]
122,[1107],[751],[1106],[1196],[1215]
123,[1108],[1086],[1097],[1308],[1075]
124,[1109],[1121],[99],[54],[305]
125,[111],[118],[59],[61],[133]
126,[1110],[1111],[206],[196],[1284]
127,[1111],[1110],[196],[206],[1284]
128,[1112],[1315],[543],[830],[1316]
129,[1113],[687],[732],[22],[17]
130,[1114],[986],[645],[23],[26]
131,[1115],[182],[1284],[61],[954]
132,[1116],[749],[655],[673],[712]
133,[1117],[777],[1350],[1321],[1111]
134,[1118],[1203],[1147],[143],[1336]
135,[1119],[158],[409],[1130],[700]
136,[112],[248],[160],[61],[116]
137,[1120],[1110],[1111],[902],[954]
138,[1121],[1109],[54],[99],[1272]
139,[1122],[1173],[1197],[114],[504]
140,[1123],[1163],[1179],[961],[1183]
141,[1124],[1125],[900],[689],[895]
142,[1125],[777],[1124],[1284],[196]
143,[1126],[1162],[1231],[1223],[1094]
144,[1127],[979],[272],[1273],[403]
145,[1128],[1226],[1354],[711],[1340]
146,[1129],[1354],[1046],[1123],[61]
147,[113],[224],[473],[335],[509]
148,[1130],[476],[1119],[627],[700]
149,[1131],[1134],[1179],[1135],[1163]
150,[1132],[1115],[1131],[1135],[1134]
151,[1133],[1224],[1134],[1354],[1179]
152,[1134],[1135],[1131],[1224],[1123]
153,[1135],[1134],[1131],[1126],[1354]
154,[1136],[248],[1149],[1337],[183]
155,[1137],[971],[883],[810],[1083]
156,[1138],[974],[562],[1051],[805]
157,[1139],[433],[1090],[1052],[954]
158,[114],[1122],[504],[1082],[1361]
159,[1140],[28],[1199],[1315],[487]
160,[1141],[753],[764],[442],[631]
161,[1142],[699],[1307],[1319],[1186]
162,[1143],[234],[1115],[177],[6]
163,[1144],[234],[1217],[170],[1354]
164,[1145],[172],[1198],[61],[1234]
165,[1146],[1125],[1235],[947],[46]
166,[1147],[127],[1223],[73],[1171]
167,[1148],[1227],[1326],[1355],[1328]
168,[1149],[39],[656],[1294],[43]
169,[115],[117],[119],[1284],[60]
170,[1150],[179],[55],[1113],[62]
171,[1151],[1274],[1138],[804],[602]
172,[1152],[34],[184],[261],[672]
173,[1153],[158],[280],[3],[69]
174,[1154],[1293],[560],[1195],[73]
175,[1155],[50],[1333],[445],[583]
176,[1156],[642],[451],[464],[285]
177,[1157],[272],[1261],[1285],[1273]
178,[1158],[1106],[1105],[1196],[1191]
179,[1159],[1102],[23],[1270],[1210]
180,[116],[117],[111],[118],[119]
181,[1160],[1233],[1353],[72],[1331]
182,[1161],[955],[887],[7],[1357]
183,[1162],[1126],[1231],[1171],[1165]
184,[1163],[1179],[1123],[765],[830]
185,[1164],[313],[80],[653],[642]
186,[1165],[646],[645],[647],[23]
187,[1166],[1125],[689],[536],[39]
188,[1167],[1196],[1191],[1124],[1224]
189,[1168],[834],[730],[1342],[215]
190,[1169],[1180],[1126],[1162],[1172]
191,[117],[116],[111],[119],[109]
192,[1170],[559],[726],[1229],[777]
193,[1171],[127],[1223],[1165],[1147]
194,[1172],[1211],[1180],[1213],[1165]
195,[1173],[1122],[277],[1099],[791]
196,[1174],[1166],[234],[1337],[157]
197,[1175],[1095],[787],[1096],[905]
198,[1176],[1281],[730],[834],[29]
199,[1177],[255],[1313],[1292],[1318]
200,[1178],[58],[70],[1173],[628]
201,[1179],[1163],[1123],[1101],[1284]
202,[118],[111],[116],[59],[1278]
203,[1180],[1172],[1169],[1220],[1162]
204,[1181],[1317],[1183],[701],[1100]
205,[1182],[947],[543],[531],[380]
206,[1183],[830],[1168],[701],[961]
207,[1184],[1338],[1198],[1240],[1355]
208,[1185],[1147],[1346],[185],[7]
209,[1186],[322],[191],[424],[831]
210,[1187],[1218],[1188],[1270],[986]
211,[1188],[1187],[1270],[986],[26]
212,[1189],[18],[478],[489],[1190]
213,[119],[116],[111],[117],[134]
214,[1190],[673],[827],[774],[578]
215,[1191],[1167],[1224],[1105],[308]
216,[1192],[1127],[1267],[494],[799]
217,[1193],[238],[48],[21],[964]
218,[1194],[1280],[726],[18],[960]
219,[1195],[263],[127],[94],[76]
220,[1196],[1105],[1106],[1167],[789]
221,[1197],[1122],[1008],[442],[384]
222,[1198],[1184],[133],[1204],[61]
223,[1199],[798],[1190],[799],[264]
224,[12],[38],[168],[107],[959]
225,[120],[1171],[107],[1223],[1180]
226,[1200],[143],[175],[200],[261]
227,[1201],[1344],[1203],[1103],[1236]
228,[1202],[682],[717],[1355],[666]
229,[1203],[1240],[1336],[1355],[1202]
230,[1204],[88],[1198],[1228],[1184]
231,[1205],[1102],[1210],[23],[26]
232,[1206],[1344],[1236],[696],[1327]
233,[1207],[1333],[1242],[1203],[1329]
234,[1208],[442],[786],[1197],[467]
235,[1209],[1098],[899],[1095],[1096]
236,[121],[165],[115],[67],[108]
237,[1210],[1205],[1211],[1102],[645]
238,[1211],[1172],[1210],[1213],[646]
239,[1212],[1218],[1216],[1102],[1205]
240,[1213],[1211],[1172],[1210],[1162]
241,[1214],[729],[1168],[1328],[717]
242,[1215],[1196],[1107],[1106],[1099]
243,[1216],[1218],[1212],[1232],[1102]
244,[1217],[1144],[170],[1183],[1126]
245,[1218],[1187],[26],[1205],[1216]
246,[1219],[424],[720],[1208],[409]
247,[122],[1101],[1163],[1179],[60]
248,[1220],[1171],[1180],[1211],[101]
249,[1221],[1222],[101],[1242],[711]
250,[1222],[1221],[1333],[711],[101]
251,[1223],[73],[168],[1171],[1147]
252,[1224],[1124],[1062],[1284],[689]
253,[1225],[961],[1228],[1163],[1100]
254,[1226],[1353],[1329],[1221],[1354]
255,[1227],[1228],[1331],[892],[1339]
256,[1228],[1227],[892],[1340],[1242]
257,[1229],[728],[777],[1350],[1235]
258,[123],[65],[233],[1281],[232]
259,[1230],[746],[329],[1297],[775]
260,[1231],[1126],[1221],[1162],[1223]
261,[1232],[1216],[1212],[1238],[1205]
262,[1233],[1160],[1353],[60],[1331]
263,[1234],[1235],[156],[1343],[232]
264,[1235],[785],[1234],[291],[777]
265,[1236],[1206],[1344],[737],[714]
266,[1237],[257],[787],[138],[1096]
267,[1238],[1268],[1212],[1232],[1206]
268,[1239],[1159],[1102],[1210],[1211]
269,[124],[28],[27],[130],[212]
270,[1240],[1332],[1203],[1184],[1329]
271,[1241],[1011],[1211],[1220],[1180]
272,[1242],[959],[1329],[1228],[1069]
273,[1243],[1114],[113],[654],[1102]
274,[1244],[258],[1313],[1280],[291]
275,[1245],[974],[889],[392],[810]
276,[1246],[225],[380],[561],[642]
277,[1247],[213],[329],[963],[291]
278,[1248],[1359],[403],[613],[269]
279,[1249],[1147],[261],[1236],[1201]
280,[125],[764],[80],[498],[753]
281,[1250],[1261],[1283],[805],[75]
282,[1251],[357],[986],[1114],[742]
283,[1252],[420],[664],[828],[1141]
284,[1253],[373],[1235],[1110],[1234]
285,[1254],[1255],[1258],[94],[1265]
286,[1255],[1254],[204],[1277],[143]
287,[1256],[253],[185],[230],[260]
288,[1257],[252],[93],[1235],[86]
289,[1258],[528],[669],[682],[1202]
290,[1259],[45],[107],[1249],[1231]
291,[126],[243],[1221],[95],[219]
292,[1260],[1303],[238],[231],[138]
293,[1261],[74],[1359],[147],[82]
294,[1262],[176],[1359],[138],[103]
295,[1263],[1265],[133],[249],[252]
296,[1264],[960],[701],[825],[490]
297,[1265],[1263],[271],[1288],[28]
298,[1266],[980],[195],[669],[604]
299,[1267],[138],[800],[82],[495]
300,[1268],[240],[1011],[973],[1159]
301,[1269],[1278],[108],[95],[8]
302,[127],[1171],[76],[1195],[1147]
303,[1270],[23],[26],[986],[1159]
304,[1271],[68],[147],[576],[546]
305,[1272],[30],[1121],[128],[54]
306,[1273],[1127],[272],[635],[495]
307,[1274],[931],[1151],[792],[753]
308,[1275],[1332],[1308],[1069],[1031]
309,[1276],[465],[697],[335],[1293]
310,[1277],[184],[204],[1147],[143]
311,[1278],[118],[116],[1081],[111]
312,[1279],[478],[1190],[1343],[1280]
313,[128],[1345],[1121],[1272],[39]
314,[1280],[32],[18],[1313],[478]
315,[1281],[62],[834],[730],[1313]
316,[1282],[1298],[10],[130],[1325]
317,[1283],[800],[217],[232],[62]
318,[1284],[182],[1125],[196],[59]
319,[1285],[607],[581],[1359],[753]
320,[1286],[779],[1125],[777],[728]
321,[1287],[1294],[1149],[121],[43]
322,[1288],[1265],[719],[1263],[271]
323,[1289],[799],[1358],[97],[226]
324,[129],[170],[67],[121],[183]
325,[1290],[46],[196],[1280],[727]
326,[1291],[1318],[1313],[1316],[84]
327,[1292],[1321],[206],[1313],[1278]
328,[1293],[1154],[56],[560],[1116]
329,[1294],[1149],[689],[39],[43]
330,[1295],[947],[1290],[750],[73]
331,[1296],[1276],[7],[56],[21]
332,[1297],[786],[442],[703],[352]
333,[1298],[1147],[73],[1231],[1282]
334,[1299],[1184],[72],[89],[1338]
335,[13],[59],[1321],[111],[118]
336,[130],[124],[27],[60],[111]
337,[1300],[1282],[1200],[175],[1249]
338,[1301],[942],[722],[577],[1276]
339,[1302],[45],[120],[73],[1277]
340,[1303],[238],[1199],[97],[1260]
341,[1304],[195],[101],[1220],[78]
342,[1305],[132],[1278],[39],[1294]
343,[1306],[1309],[172],[63],[1145]
344,[1307],[229],[166],[699],[304]
345,[1308],[1097],[3],[842],[1086]
346,[1309],[1306],[61],[172],[890]
347,[131],[96],[88],[1233],[1160]
348,[1310],[221],[244],[87],[209]
349,[1311],[1313],[1312],[1318],[1063]
350,[1312],[1313],[198],[1311],[1318]
351,[1313],[1316],[1318],[1314],[1312]
352,[1314],[1313],[1316],[1318],[1312]
353,[1315],[1316],[1313],[28],[1312]
354,[1316],[1313],[1314],[1318],[730]
355,[1317],[164],[982],[1316],[685]
356,[1318],[1313],[1291],[1314],[1311]
357,[1319],[1173],[699],[1142],[114]
358,[132],[1305],[1294],[108],[8]
359,[1320],[1321],[133],[134],[61]
360,[1321],[1320],[133],[61],[59]
361,[1322],[376],[798],[1295],[346]
362,[1323],[146],[759],[1096],[1237]
363,[1324],[811],[947],[388],[642]
364,[1325],[130],[255],[1071],[27]
365,[1326],[669],[668],[1228],[1328]
366,[1327],[465],[702],[1206],[552]
367,[1328],[678],[1214],[639],[1355]
368,[1329],[1242],[959],[1353],[1331]
369,[133],[61],[1320],[1321],[111]
370,[1330],[1230],[1011],[610],[1229]
371,[1331],[959],[1227],[168],[1329]
372,[1332],[1329],[1240],[1242],[38]
373,[1333],[1332],[1331],[1207],[684]
374,[1334],[373],[1257],[464],[609]
375,[1335],[1298],[1184],[1282],[95]
376,[1336],[76],[1203],[737],[1351]
377,[1337],[13],[160],[61],[118]
378,[1338],[1184],[892],[1340],[1354]
379,[1339],[1227],[1083],[1228],[670]
380,[134],[1321],[196],[1320],[161]
381,[1340],[1228],[892],[1227],[1329]
382,[1341],[36],[1352],[814],[985]
383,[1342],[730],[1168],[735],[732]
384,[1343],[478],[1077],[774],[1116]
385,[1344],[1201],[1206],[1236],[696]
386,[1345],[39],[128],[1149],[1272]
387,[1346],[1103],[635],[1060],[25]
388,[1347],[1161],[773],[769],[718]
389,[1348],[724],[772],[761],[1271]
390,[1349],[547],[808],[726],[1182]
391,[135],[55],[657],[1329],[153]
392,[1350],[1229],[1177],[1117],[1320]
393,[1351],[76],[779],[684],[1280]
394,[1352],[1341],[634],[503],[49]
395,[1353],[1329],[1233],[1331],[168]
396,[1354],[1083],[60],[182],[177]
397,[1355],[1202],[1203],[1227],[1328]
398,[1356],[469],[483],[447],[599]
399,[1357],[1280],[215],[960],[1111]
400,[1358],[799],[887],[798],[635]
401,[1359],[103],[232],[18],[156]
402,[136],[1288],[1229],[997],[271]
403,[1360],[28],[1313],[1321],[124]
404,[1361],[791],[1173],[504],[1122]
405,[1362],[100],[120],[155],[973]
406,[137],[1313],[181],[1312],[57]
407,[138],[82],[103],[62],[1359]
408,[139],[74],[138],[82],[469]
409,[14],[729],[771],[1229],[663]
410,[140],[1110],[1078],[93],[217]
411,[141],[196],[61],[111],[182]
412,[142],[22],[487],[459],[74]
413,[143],[204],[96],[175],[261]
414,[144],[73],[52],[264],[1293]
415,[145],[749],[537],[1033],[103]
416,[146],[1323],[759],[787],[1096]
417,[147],[576],[529],[1271],[459]
418,[148],[85],[198],[189],[1111]
419,[149],[74],[62],[232],[1359]
420,[15],[491],[241],[52],[418]
421,[150],[84],[217],[1234],[111]
422,[151],[59],[60],[1339],[73]
423,[152],[85],[148],[111],[198]
424,[153],[4],[111],[1228],[151]
425,[154],[76],[196],[127],[162]
426,[155],[242],[143],[175],[254]
427,[156],[1359],[232],[800],[1234]
428,[157],[689],[206],[1313],[196]
429,[158],[512],[1119],[594],[700]
430,[159],[21],[1152],[140],[1271]
431,[16],[40],[250],[222],[8]
432,[160],[61],[111],[1321],[248]
433,[161],[134],[116],[248],[111]
434,[162],[76],[154],[1336],[1280]
435,[163],[143],[155],[162],[250]
436,[164],[62],[1111],[232],[834]
437,[165],[60],[182],[108],[1284]
438,[166],[1307],[1173],[699],[1122]
439,[167],[190],[238],[427],[1271]
440,[168],[1331],[959],[73],[1223]
441,[169],[503],[451],[579],[580]
442,[17],[1113],[22],[333],[663]
443,[170],[129],[4],[207],[1217]
444,[171],[1281],[62],[1190],[29]
445,[172],[1321],[1320],[659],[61]
446,[173],[190],[62],[19],[825]
447,[174],[183],[43],[157],[1149]
448,[175],[143],[242],[155],[96]
449,[176],[1262],[184],[230],[75]
450,[177],[59],[13],[182],[1048]
451,[178],[179],[957],[55],[717]
452,[179],[685],[657],[55],[730]
453,[18],[32],[1280],[29],[478]
454,[180],[54],[305],[99],[531]
455,[181],[137],[830],[32],[1313]
456,[182],[59],[1284],[196],[61]
457,[183],[43],[174],[216],[1149]
458,[184],[261],[1277],[230],[45]
459,[185],[228],[1060],[62],[891]
460,[186],[126],[151],[101],[1339]
461,[187],[1110],[217],[1257],[1111]
462,[188],[62],[1281],[626],[228]
463,[189],[198],[148],[1111],[207]
464,[19],[887],[825],[1359],[62]
465,[190],[173],[167],[74],[736]
466,[191],[322],[699],[752],[1307]
467,[192],[769],[1286],[770],[442]
468,[193],[658],[425],[192],[770]
469,[194],[449],[167],[236],[573]
470,[195],[1304],[78],[243],[1221]
471,[196],[206],[182],[197],[1284]
472,[197],[196],[133],[777],[206]
473,[198],[85],[1312],[248],[1284]
474,[199],[113],[55],[1210],[1172]
475,[2],[442],[653],[339],[285]
476,[20],[196],[1321],[111],[4]
477,[200],[1283],[1152],[79],[184]
478,[201],[727],[72],[197],[52]
479,[202],[579],[489],[581],[471]
480,[203],[1321],[160],[111],[1320]
481,[204],[143],[141],[261],[1277]
482,[205],[1314],[1194],[164],[179]
483,[206],[196],[1313],[785],[1284]
484,[207],[4],[43],[892],[1278]
485,[208],[67],[219],[43],[989]
486,[209],[244],[1310],[1307],[221]
487,[21],[48],[238],[1280],[18]
488,[210],[248],[1110],[61],[20]
489,[211],[1136],[174],[1149],[43]
490,[212],[124],[28],[66],[27]
491,[213],[291],[963],[477],[600]
492,[214],[238],[1161],[1303],[159]
493,[215],[1168],[1357],[1111],[834]
494,[216],[183],[43],[110],[116]
495,[217],[232],[1359],[1283],[75]
496,[218],[967],[155],[242],[103]
497,[219],[4],[111],[95],[1056]
498,[22],[459],[371],[736],[309]
499,[220],[1126],[790],[126],[95]
500,[221],[1310],[244],[229],[87]
501,[222],[61],[160],[133],[890]
502,[223],[94],[126],[243],[1195]
503,[224],[113],[509],[520],[335]
504,[225],[579],[380],[269],[568]
505,[226],[635],[799],[1273],[633]
506,[227],[254],[1359],[272],[622]
507,[228],[732],[734],[736],[827]
508,[229],[1307],[221],[244],[699]
509,[23],[1270],[26],[645],[1165]
510,[230],[184],[176],[242],[175]
511,[231],[1260],[228],[1273],[622]
512,[232],[1359],[62],[1281],[527]
513,[233],[949],[946],[115],[1033]
514,[234],[1143],[1136],[248],[196]
515,[235],[1189],[1293],[1343],[1359]
516,[236],[449],[562],[446],[601]
517,[237],[1172],[240],[1180],[1159]
518,[238],[21],[1303],[48],[1280]
519,[239],[814],[1273],[607],[979]
520,[24],[1220],[144],[889],[1039]
521,[240],[1172],[1268],[1210],[23]
522,[241],[62],[1359],[103],[65]
523,[242],[155],[175],[143],[256]
524,[243],[126],[1195],[1221],[101]
525,[244],[221],[209],[229],[1310]
526,[245],[137],[181],[157],[4]
527,[246],[184],[1336],[737],[465]
528,[247],[451],[358],[269],[579]
529,[248],[160],[116],[198],[119]
530,[249],[1263],[28],[27],[66]
531,[25],[635],[633],[712],[887]
532,[250],[16],[223],[163],[243]
533,[251],[235],[1356],[44],[1315]
534,[252],[134],[1257],[109],[890]
535,[253],[1322],[1256],[256],[230]
536,[254],[155],[175],[242],[967]
537,[255],[1177],[1321],[1235],[133]
538,[256],[155],[242],[175],[748]
539,[257],[74],[607],[962],[1359]
540,[258],[291],[952],[777],[557]
541,[259],[244],[209],[1234],[1274]
542,[26],[23],[1270],[1218],[986]
543,[260],[62],[98],[188],[1359]
544,[261],[34],[143],[184],[1336]
545,[262],[799],[253],[242],[1089]
546,[263],[94],[1195],[101],[61]
547,[264],[215],[1313],[235],[79]
548,[265],[46],[157],[1290],[1146]
549,[266],[627],[1288],[976],[267]
550,[267],[49],[785],[18],[503]
551,[268],[544],[1336],[1195],[551]
552,[269],[578],[478],[580],[549]
553,[27],[28],[124],[130],[66]
554,[270],[578],[1248],[579],[398]
555,[271],[1265],[997],[1235],[169]
556,[272],[1127],[979],[563],[403]
557,[273],[346],[887],[796],[1249]
558,[274],[580],[578],[708],[773]
559,[275],[114],[886],[1361],[504]
560,[276],[277],[1173],[523],[1122]
561,[277],[276],[1173],[1122],[384]
562,[278],[380],[332],[388],[463]
563,[279],[883],[1137],[633],[810]
564,[28],[27],[124],[212],[1313]
565,[280],[1292],[792],[8],[193]
566,[281],[376],[339],[403],[653]
567,[282],[403],[281],[321],[363]
568,[283],[308],[284],[604],[290]
569,[284],[283],[308],[382],[290]
570,[285],[523],[325],[2],[442]
571,[286],[371],[333],[309],[398]
572,[287],[815],[664],[828],[577]
573,[288],[387],[385],[359],[506]
574,[289],[294],[296],[345],[376]
575,[29],[32],[18],[1281],[774]
576,[290],[283],[308],[604],[352]
577,[291],[572],[954],[785],[952]
578,[292],[333],[371],[309],[329]
579,[293],[473],[1245],[973],[368]
580,[294],[289],[332],[653],[376]
581,[295],[338],[297],[368],[883]
582,[296],[320],[345],[289],[342]
583,[297],[319],[473],[295],[957]
584,[298],[548],[430],[550],[428]
585,[299],[389],[303],[372],[315]
586,[3],[1308],[203],[832],[1228]
587,[30],[1272],[1121],[128],[1345]
588,[300],[289],[311],[354],[295]
589,[301],[351],[953],[433],[602]
590,[302],[269],[549],[358],[380]
591,[303],[334],[307],[292],[333]
592,[304],[1307],[229],[373],[191]
593,[305],[54],[1121],[386],[180]
594,[306],[373],[1298],[814],[1292]
595,[307],[309],[303],[334],[337]
596,[308],[283],[318],[1228],[382]
597,[309],[371],[827],[292],[459]
598,[31],[118],[13],[111],[59]
599,[310],[368],[315],[350],[293]
600,[311],[1049],[397],[289],[359]
601,[312],[314],[953],[1165],[645]
602,[313],[202],[519],[358],[518]
603,[314],[312],[448],[1011],[645]
604,[315],[319],[318],[310],[382]
605,[316],[317],[385],[362],[1119]
606,[317],[316],[385],[456],[378]
607,[318],[319],[308],[1331],[1333]
608,[319],[318],[1333],[315],[308]
609,[32],[18],[1280],[57],[29]
610,[320],[400],[345],[351],[354]
611,[321],[281],[282],[363],[346]
612,[322],[191],[609],[752],[438]
613,[323],[269],[352],[1244],[580]
614,[324],[291],[414],[538],[572]
615,[325],[442],[328],[393],[437]
616,[326],[331],[327],[375],[354]
617,[327],[403],[392],[272],[378]
618,[328],[325],[191],[322],[442]
619,[329],[332],[388],[546],[292]
620,[33],[1286],[464],[1290],[304]
621,[330],[378],[329],[466],[326]
622,[331],[354],[378],[351],[337]
623,[332],[329],[380],[371],[549]
624,[333],[292],[398],[388],[329]
625,[334],[303],[307],[332],[296]
626,[335],[113],[224],[697],[1276]
627,[336],[600],[627],[566],[291]
628,[337],[309],[716],[371],[307]
629,[338],[295],[1066],[297],[1073]
630,[339],[281],[653],[376],[340]
631,[34],[261],[1152],[1203],[143]
632,[340],[339],[398],[464],[281]
633,[341],[354],[360],[403],[398]
634,[342],[320],[309],[375],[292]
635,[343],[476],[326],[409],[354]
636,[344],[417],[410],[359],[375]
637,[345],[346],[320],[392],[376]
638,[346],[345],[798],[376],[392]
639,[347],[428],[548],[1038],[848]
640,[348],[308],[128],[789],[1106]
641,[349],[320],[371],[309],[292]
642,[35],[1122],[276],[1109],[277]
643,[350],[297],[1067],[368],[333]
644,[351],[320],[387],[378],[375]
645,[352],[329],[458],[456],[703]
646,[353],[1255],[1137],[367],[408]
647,[354],[320],[387],[375],[351]
648,[355],[517],[384],[425],[437]
649,[356],[354],[453],[372],[1089]
650,[357],[1251],[166],[742],[1114]
651,[358],[369],[441],[302],[549]
652,[359],[385],[476],[288],[320]
653,[36],[567],[478],[503],[639]
654,[360],[453],[365],[341],[345]
655,[361],[362],[385],[976],[390]
656,[362],[361],[385],[378],[1297]
657,[363],[398],[346],[388],[403]
658,[364],[365],[359],[299],[360]
659,[365],[360],[346],[805],[345]
660,[366],[373],[801],[379],[385]
661,[367],[272],[326],[392],[622]
662,[368],[883],[810],[1137],[971]
663,[369],[543],[380],[662],[447]
664,[37],[703],[512],[421],[660]
665,[370],[461],[0],[523],[598]
666,[371],[459],[309],[269],[827]
667,[372],[356],[299],[354],[1151]
668,[373],[1235],[1253],[985],[623]
669,[374],[1099],[305],[58],[628]
670,[375],[354],[351],[320],[342]
671,[376],[281],[653],[346],[339]
672,[377],[287],[194],[622],[815]
673,[378],[329],[330],[351],[320]
674,[379],[366],[362],[381],[359]
675,[38],[12],[76],[684],[168]
676,[380],[225],[579],[369],[543]
677,[381],[1297],[352],[362],[282]
678,[382],[308],[284],[384],[290]
679,[383],[339],[653],[281],[964]
680,[384],[1197],[1173],[355],[659]
681,[385],[320],[351],[387],[362]
682,[386],[305],[751],[1272],[803]
683,[387],[351],[354],[385],[288]
684,[388],[398],[329],[332],[333]
685,[389],[331],[303],[354],[378]
686,[39],[1149],[656],[1294],[157]
687,[390],[320],[392],[810],[979]
688,[391],[418],[406],[358],[380]
689,[392],[346],[345],[403],[363]
690,[393],[325],[442],[2],[476]
691,[394],[401],[293],[1151],[584]
692,[395],[281],[392],[403],[282]
693,[396],[1247],[290],[398],[400]
694,[397],[368],[1049],[311],[1060]
695,[398],[388],[329],[363],[332]
696,[399],[398],[354],[403],[1248]
697,[4],[59],[111],[84],[160]
698,[40],[16],[8],[116],[890]
699,[400],[320],[552],[1139],[731]
700,[401],[403],[979],[281],[847]
701,[402],[169],[1307],[451],[322]
702,[403],[272],[979],[281],[805]
703,[404],[812],[847],[974],[979]
704,[405],[809],[583],[308],[30]
705,[406],[380],[225],[435],[391]
706,[407],[414],[688],[560],[557]
707,[408],[1332],[319],[1326],[1148]
708,[409],[1203],[1201],[1119],[1219]
709,[41],[1267],[1273],[517],[890]
710,[410],[576],[636],[417],[574]
711,[411],[600],[789],[1146],[782]
712,[412],[291],[782],[900],[572]
713,[413],[557],[778],[291],[477]
714,[414],[1079],[568],[785],[291]
715,[415],[566],[822],[436],[779]
716,[416],[969],[623],[743],[581]
717,[417],[709],[410],[576],[636]
718,[418],[391],[406],[447],[358]
719,[419],[762],[422],[589],[491]
720,[42],[1312],[1111],[85],[1313]
721,[420],[1252],[598],[664],[1322]
722,[421],[682],[704],[446],[601]
723,[422],[1034],[472],[490],[825]
724,[423],[291],[324],[962],[269]
725,[424],[1219],[831],[1186],[612]
726,[425],[269],[437],[415],[769]
727,[426],[447],[947],[1248],[418]
728,[427],[613],[422],[459],[486]
729,[428],[347],[589],[548],[430]
730,[429],[489],[551],[471],[478]
731,[43],[183],[174],[207],[1149]
732,[430],[550],[548],[428],[298]
733,[431],[653],[764],[442],[464]
734,[432],[552],[457],[551],[488]
735,[433],[1139],[76],[1336],[684]
736,[434],[789],[1167],[1196],[617]
737,[435],[712],[581],[269],[1359]
738,[436],[658],[559],[659],[777]
739,[437],[576],[425],[247],[269]
740,[438],[580],[269],[18],[439]
741,[439],[225],[380],[454],[579]
742,[44],[264],[181],[137],[215]
743,[440],[457],[638],[450],[655]
744,[441],[380],[358],[147],[471]
745,[442],[464],[559],[322],[764]
746,[443],[503],[1343],[746],[169]
747,[444],[352],[703],[775],[697]
748,[445],[703],[503],[1236],[444]
749,[446],[440],[704],[702],[457]
750,[447],[369],[225],[380],[596]
751,[448],[440],[450],[466],[560]
752,[449],[236],[622],[514],[577]
753,[45],[184],[883],[1277],[230]
754,[450],[440],[466],[457],[488]
755,[451],[579],[247],[269],[225]
756,[452],[695],[514],[500],[515]
757,[453],[360],[341],[326],[354]
758,[454],[439],[681],[380],[728]
759,[455],[1229],[137],[1204],[657]
760,[456],[438],[269],[329],[466]
761,[457],[488],[486],[552],[440]
762,[458],[466],[489],[703],[471]
763,[459],[371],[529],[1190],[673]
764,[46],[1290],[196],[727],[157]
765,[460],[514],[641],[501],[643]
766,[461],[370],[0],[455],[523]
767,[462],[225],[463],[568],[1190]
768,[463],[470],[462],[472],[825]
769,[464],[609],[442],[653],[764]
770,[465],[702],[552],[697],[466]
771,[466],[450],[702],[440],[457]
772,[467],[438],[559],[442],[456]
773,[468],[730],[830],[557],[616]
774,[469],[470],[581],[1356],[565]
775,[47],[1044],[949],[634],[109]
776,[470],[463],[478],[549],[469]
777,[471],[489],[472],[490],[478]
778,[472],[490],[489],[471],[537]
779,[473],[113],[1211],[1011],[1171]
780,[474],[477],[527],[557],[551]
781,[475],[635],[25],[1127],[633]
782,[476],[1130],[700],[467],[359]
783,[477],[474],[779],[527],[667]
784,[478],[774],[773],[269],[489]
785,[479],[258],[557],[1087],[663]
786,[48],[21],[238],[1110],[18]
787,[480],[486],[638],[655],[629]
788,[481],[613],[969],[825],[824]
789,[482],[578],[484],[483],[708]
790,[483],[578],[484],[708],[579]
791,[484],[708],[578],[483],[773]
792,[485],[708],[579],[578],[484]
793,[486],[457],[488],[655],[551]
794,[487],[380],[371],[774],[459]
795,[488],[457],[486],[557],[551]
796,[489],[471],[472],[490],[478]
797,[49],[267],[639],[682],[567]
798,[490],[472],[489],[471],[537]
799,[491],[472],[490],[489],[471]
800,[492],[616],[557],[778],[528]
801,[493],[1074],[688],[641],[706]
802,[494],[800],[495],[562],[1273]
803,[495],[805],[494],[562],[577]
804,[496],[1190],[827],[459],[821]
805,[497],[499],[500],[501],[514]
806,[498],[542],[720],[125],[764]
807,[499],[497],[501],[643],[514]
808,[5],[512],[1008],[1306],[172]
809,[50],[660],[473],[1206],[1210]
810,[500],[514],[501],[497],[641]
811,[501],[500],[514],[499],[460]
812,[502],[663],[779],[777],[258]
813,[503],[169],[36],[478],[673]
814,[504],[1122],[1361],[114],[1082]
815,[505],[522],[511],[433],[521]
816,[506],[403],[519],[288],[581]
817,[507],[330],[506],[345],[518]
818,[508],[962],[324],[447],[65]
819,[509],[224],[520],[113],[697]
820,[51],[1099],[975],[1124],[536]
821,[510],[422],[946],[427],[419]
822,[511],[1014],[505],[794],[621]
823,[512],[700],[594],[158],[659]
824,[513],[421],[601],[696],[660]
825,[514],[500],[515],[460],[641]
826,[515],[514],[500],[499],[497]
827,[516],[1050],[1190],[1359],[799]
828,[517],[84],[1050],[291],[502]
829,[518],[519],[440],[472],[489]
830,[519],[518],[440],[202],[471]
831,[52],[1290],[144],[264],[679]
832,[520],[509],[224],[113],[473]
833,[521],[522],[601],[433],[517]
834,[522],[521],[505],[601],[433]
835,[523],[276],[559],[285],[277]
836,[524],[291],[785],[526],[527]
837,[525],[737],[488],[767],[706]
838,[526],[557],[527],[821],[413]
839,[527],[557],[474],[821],[569]
840,[528],[821],[616],[527],[36]
841,[529],[459],[545],[147],[638]
842,[53],[615],[779],[76],[477]
843,[530],[737],[400],[965],[551]
844,[531],[380],[720],[1182],[543]
845,[532],[269],[202],[147],[313]
846,[533],[1201],[967],[672],[512]
847,[534],[657],[179],[640],[717]
848,[535],[712],[519],[635],[147]
849,[536],[39],[1166],[689],[538]
850,[537],[472],[490],[478],[422]
851,[538],[291],[258],[324],[600]
852,[539],[667],[551],[557],[413]
853,[54],[99],[1121],[180],[305]
854,[540],[1063],[543],[561],[1311]
855,[541],[380],[369],[447],[566]
856,[542],[642],[439],[498],[820]
857,[543],[369],[727],[380],[1036]
858,[544],[457],[488],[749],[1116]
859,[545],[529],[546],[459],[754]
860,[546],[754],[459],[636],[329]
861,[547],[439],[1349],[561],[1182]
862,[548],[550],[430],[91],[919]
863,[549],[269],[816],[459],[470]
864,[55],[179],[135],[657],[1150]
865,[550],[430],[548],[428],[646]
866,[551],[552],[486],[557],[474]
867,[552],[457],[551],[432],[486]
868,[553],[383],[894],[128],[547]
869,[554],[558],[225],[380],[568]
870,[555],[685],[687],[662],[661]
871,[556],[527],[427],[569],[732]
872,[557],[527],[526],[474],[779]
873,[558],[554],[225],[568],[904]
874,[559],[436],[561],[546],[442]
875,[56],[1293],[1154],[1195],[53]
876,[560],[407],[1036],[1154],[688]
877,[561],[380],[225],[439],[559]
878,[562],[622],[745],[800],[469]
879,[563],[581],[272],[635],[518]
880,[564],[1097],[1229],[158],[58]
881,[565],[472],[490],[740],[825]
882,[566],[415],[777],[779],[728]
883,[567],[36],[527],[490],[472]
884,[568],[414],[579],[774],[422]
885,[569],[834],[527],[730],[779]
886,[57],[32],[1313],[1280],[18]
887,[570],[486],[489],[655],[471]
888,[571],[724],[808],[720],[1348]
889,[572],[291],[596],[900],[324]
890,[573],[415],[1190],[459],[190]
891,[574],[529],[147],[576],[776]
892,[575],[0],[114],[1229],[455]
893,[576],[147],[269],[459],[1271]
894,[577],[82],[495],[815],[692]
895,[578],[579],[708],[580],[269]
896,[579],[578],[225],[708],[380]
897,[58],[1178],[70],[69],[1108]
898,[580],[578],[708],[269],[773]
899,[581],[712],[202],[435],[1359]
900,[582],[708],[580],[579],[740]
901,[583],[584],[432],[408],[290]
902,[584],[974],[1138],[973],[1011]
903,[585],[588],[669],[153],[892]
904,[586],[384],[5],[276],[1197]
905,[587],[759],[1],[1175],[1096]
906,[588],[684],[585],[959],[38]
907,[589],[555],[638],[428],[655]
908,[59],[182],[111],[1321],[1284]
909,[590],[600],[747],[740],[291]
910,[591],[466],[450],[448],[519]
911,[592],[1116],[613],[481],[568]
912,[593],[641],[592],[1090],[706]
913,[594],[512],[158],[504],[1122]
914,[595],[596],[291],[572],[258]
915,[596],[291],[595],[369],[572]
916,[597],[284],[308],[723],[738]
917,[598],[420],[531],[1182],[0]
918,[599],[579],[324],[708],[225]
919,[6],[1284],[1111],[182],[134]
920,[60],[165],[1284],[182],[59]
921,[600],[291],[747],[572],[951]
922,[601],[425],[521],[666],[804]
923,[602],[450],[446],[749],[589]
924,[603],[562],[1039],[601],[1073]
925,[604],[1228],[892],[1055],[667]
926,[605],[502],[611],[677],[615]
927,[606],[329],[549],[470],[537]
928,[607],[581],[962],[74],[1359]
929,[608],[566],[627],[740],[581]
930,[609],[464],[764],[322],[642]
931,[61],[133],[1321],[182],[111]
932,[610],[1039],[982],[74],[1264]
933,[611],[612],[546],[642],[559]
934,[612],[611],[247],[566],[642]
935,[613],[427],[459],[1190],[481]
936,[614],[238],[473],[55],[185]
937,[615],[477],[779],[474],[557]
938,[616],[688],[557],[778],[834]
939,[617],[895],[434],[258],[789]
940,[618],[632],[633],[635],[345]
941,[619],[790],[1221],[101],[1339]
942,[62],[1281],[103],[188],[171]
943,[620],[113],[224],[453],[697]
944,[621],[760],[1126],[619],[1231]
945,[622],[562],[272],[449],[607]
946,[623],[627],[824],[969],[947]
947,[624],[977],[1114],[848],[514]
948,[625],[626],[1281],[826],[188]
949,[626],[625],[733],[228],[188]
950,[627],[623],[712],[743],[719]
951,[628],[808],[305],[1084],[1109]
952,[629],[480],[678],[758],[693]
953,[63],[1321],[1111],[197],[61]
954,[630],[425],[415],[772],[605]
955,[631],[764],[431],[380],[609]
956,[632],[618],[1044],[635],[633]
957,[633],[635],[618],[745],[743]
958,[634],[743],[1044],[949],[47]
959,[635],[633],[618],[745],[25]
960,[636],[754],[546],[758],[1271]
961,[637],[465],[702],[776],[552]
962,[638],[440],[655],[480],[422]
963,[639],[729],[673],[772],[663]
964,[64],[1313],[29],[1281],[57]
965,[640],[671],[687],[616],[688]
966,[641],[643],[593],[655],[514]
967,[642],[764],[653],[609],[439]
968,[643],[641],[499],[460],[514]
969,[644],[645],[647],[650],[646]
970,[645],[644],[650],[647],[646]
971,[646],[647],[645],[648],[650]
972,[647],[646],[649],[644],[645]
973,[648],[649],[646],[647],[652]
974,[649],[647],[648],[652],[646]
975,[65],[123],[730],[62],[685]
976,[650],[645],[644],[647],[646]
977,[651],[649],[648],[647],[652]
978,[652],[649],[647],[645],[646]
979,[653],[464],[431],[642],[376]
980,[654],[645],[650],[646],[647]
981,[655],[736],[489],[486],[663]
982,[656],[1149],[39],[689],[174]
983,[657],[179],[534],[55],[135]
984,[658],[436],[659],[559],[781]
985,[659],[258],[658],[436],[777]
986,[66],[212],[27],[124],[28]
987,[660],[696],[1206],[637],[1344]
988,[661],[663],[732],[736],[827]
989,[662],[555],[661],[369],[569]
990,[663],[661],[673],[729],[821]
991,[664],[1252],[287],[828],[495]
992,[665],[825],[1034],[422],[688]
993,[666],[772],[682],[639],[1202]
994,[667],[557],[1055],[779],[474]
995,[668],[779],[669],[667],[777]
996,[669],[667],[668],[779],[1055]
997,[67],[121],[208],[43],[207]
998,[670],[689],[1063],[830],[59]
999,[671],[684],[640],[682],[717]
1000,[672],[690],[1051],[763],[729]
1001,[673],[693],[1190],[663],[821]
1002,[674],[745],[825],[555],[472]
1003,[675],[832],[502],[1229],[1204]
1004,[676],[677],[569],[474],[779]
1005,[677],[676],[496],[754],[569]
1006,[678],[1328],[729],[629],[693]
1007,[679],[680],[727],[1331],[670]
1008,[68],[1271],[459],[496],[754]
1009,[680],[679],[196],[1337],[689]
1010,[681],[716],[454],[726],[715]
1011,[682],[671],[729],[684],[683]
1012,[683],[671],[684],[663],[682]
1013,[684],[557],[671],[38],[76]
1014,[685],[687],[730],[555],[662]
1015,[686],[558],[137],[554],[746]
1016,[687],[685],[555],[730],[1034]
1017,[688],[616],[778],[830],[557]
1018,[689],[670],[1063],[1125],[1124]
1019,[69],[1122],[1197],[1173],[384]
1020,[690],[672],[1035],[1203],[763]
1021,[691],[669],[1340],[892],[207]
1022,[692],[459],[733],[529],[693]
1023,[693],[732],[733],[673],[736]
1024,[694],[1071],[711],[710],[738]
1025,[695],[696],[514],[465],[452]
1026,[696],[695],[1206],[1344],[465]
1027,[697],[465],[1072],[335],[1276]
1028,[698],[645],[644],[654],[650]
1029,[699],[191],[1307],[322],[192]
1030,[7],[1293],[1116],[76],[955]
1031,[70],[1178],[58],[374],[0]
1032,[700],[512],[502],[467],[197]
1033,[701],[834],[825],[1183],[1168]
1034,[702],[466],[465],[737],[440]
1035,[703],[458],[704],[352],[466]
1036,[704],[703],[429],[18],[1336]
1037,[705],[1079],[407],[713],[414]
1038,[706],[749],[641],[1116],[551]
1039,[707],[649],[652],[647],[1037]
1040,[708],[578],[773],[579],[580]
1041,[709],[68],[467],[417],[292]
1042,[71],[204],[223],[783],[1160]
1043,[710],[95],[790],[1056],[216]
1044,[711],[1221],[1083],[1057],[1056]
1045,[712],[581],[1190],[478],[1116]
1046,[713],[705],[407],[706],[1079]
1047,[714],[519],[518],[749],[712]
1048,[715],[147],[716],[655],[776]
1049,[716],[715],[202],[269],[776]
1050,[717],[671],[821],[729],[1202]
1051,[718],[729],[1214],[745],[663]
1052,[719],[627],[743],[1235],[745]
1053,[72],[84],[111],[13],[61]
1054,[720],[531],[764],[380],[464]
1055,[721],[478],[580],[769],[745]
1056,[722],[465],[589],[942],[1301]
1057,[723],[959],[219],[1331],[95]
1058,[724],[754],[480],[758],[576]
1059,[725],[728],[726],[727],[1077]
1060,[726],[728],[725],[478],[1077]
1061,[727],[725],[1077],[196],[728]
1062,[728],[725],[726],[779],[777]
1063,[729],[663],[639],[673],[726]
1064,[73],[168],[1223],[60],[151]
1065,[730],[685],[834],[468],[1342]
1066,[731],[400],[552],[702],[763]
1067,[732],[736],[735],[734],[827]
1068,[733],[732],[693],[735],[736]
1069,[734],[736],[735],[732],[827]
1070,[735],[734],[732],[736],[733]
1071,[736],[734],[732],[735],[827]
1072,[737],[702],[763],[525],[1351]
1073,[738],[949],[1292],[950],[747]
1074,[739],[749],[1116],[740],[712]
1075,[74],[733],[529],[1359],[82]
1076,[740],[1077],[478],[745],[291]
1077,[741],[673],[772],[745],[1050]
1078,[742],[584],[1251],[1043],[1236]
1079,[743],[745],[580],[635],[712]
1080,[744],[825],[969],[887],[1033]
1081,[745],[743],[740],[1050],[673]
1082,[746],[380],[546],[566],[388]
1083,[747],[600],[740],[1235],[206]
1084,[748],[749],[750],[796],[946]
1085,[749],[1116],[739],[544],[490]
1086,[75],[1359],[232],[1050],[217]
1087,[750],[946],[749],[1036],[1033]
1088,[751],[1107],[803],[789],[1121]
1089,[752],[322],[191],[611],[437]
1090,[753],[80],[1141],[764],[442]
1091,[754],[546],[636],[459],[529]
1092,[755],[639],[673],[496],[1190]
1093,[756],[973],[593],[1090],[696]
1094,[757],[715],[776],[637],[772]
1095,[758],[629],[636],[147],[1271]
1096,[759],[146],[1323],[1093],[1209]
1097,[76],[38],[684],[1351],[127]
1098,[760],[621],[1126],[619],[126]
1099,[761],[677],[1271],[68],[678]
1100,[762],[419],[422],[638],[589]
1101,[763],[1116],[737],[655],[729]
1102,[764],[642],[609],[380],[464]
1103,[765],[766],[1163],[1063],[1179]
1104,[766],[765],[1123],[1163],[688]
1105,[767],[1351],[684],[683],[779]
1106,[768],[677],[1120],[676],[832]
1107,[769],[770],[478],[673],[1190]
1108,[77],[235],[1293],[491],[44]
1109,[770],[769],[721],[777],[192]
1110,[771],[770],[721],[769],[1286]
1111,[772],[673],[729],[741],[639]
1112,[773],[774],[708],[478],[578]
1113,[774],[773],[478],[1190],[673]
1114,[775],[786],[1297],[467],[653]
1115,[776],[639],[147],[715],[716]
1116,[777],[779],[1125],[785],[1077]
1117,[778],[779],[557],[616],[830]
1118,[779],[777],[477],[728],[1077]
1119,[78],[195],[151],[1231],[1304]
1120,[780],[1182],[543],[904],[558]
1121,[781],[658],[659],[87],[258]
1122,[782],[689],[412],[1124],[900]
1123,[783],[220],[223],[1231],[71]
1124,[784],[1284],[1048],[1321],[182]
1125,[785],[777],[291],[206],[414]
1126,[786],[775],[1297],[1208],[653]
1127,[787],[1096],[1095],[905],[1098]
1128,[788],[1099],[1191],[1224],[617]
1129,[789],[434],[1196],[1107],[975]
1130,[79],[83],[264],[18],[42]
1131,[790],[619],[1221],[1069],[220]
1132,[791],[1173],[1361],[1099],[277]
1133,[792],[1044],[1043],[623],[985]
1134,[793],[946],[1041],[760],[186]
1135,[794],[958],[889],[901],[1033]
1136,[795],[794],[1014],[633],[563]
1137,[796],[748],[887],[800],[824]
1138,[797],[1108],[601],[738],[1269]
1139,[798],[887],[1033],[1077],[947]
1140,[799],[1358],[1199],[887],[635]
1141,[8],[13],[1278],[43],[1294]
1142,[80],[753],[635],[313],[642]
1143,[800],[824],[985],[712],[1359]
1144,[801],[1051],[1138],[967],[1344]
1145,[802],[847],[979],[813],[805]
1146,[803],[751],[54],[1107],[105]
1147,[804],[806],[1050],[517],[601]
1148,[805],[979],[813],[403],[847]
1149,[806],[804],[517],[1046],[1050]
1150,[807],[1115],[1087],[954],[885]
1151,[808],[628],[720],[443],[1349]
1152,[809],[1328],[615],[477],[677]
1153,[81],[154],[1110],[200],[197]
1154,[810],[971],[974],[1137],[847]
1155,[811],[979],[403],[847],[281]
1156,[812],[847],[404],[979],[971]
1157,[813],[979],[805],[802],[1127]
1158,[814],[847],[985],[979],[714]
1159,[815],[577],[287],[982],[309]
1160,[816],[269],[549],[371],[1190]
1161,[817],[687],[685],[468],[730]
1162,[818],[740],[247],[435],[478]
1163,[819],[690],[1203],[763],[1066]
1164,[82],[228],[732],[734],[827]
1165,[820],[545],[642],[829],[542]
1166,[821],[673],[663],[527],[732]
1167,[822],[415],[291],[779],[827]
1168,[823],[900],[1062],[596],[595]
1169,[824],[969],[825],[490],[472]
1170,[825],[887],[744],[834],[824]
1171,[826],[62],[625],[1281],[626]
1172,[827],[736],[732],[734],[1190]
1173,[828],[463],[179],[1252],[826]
1174,[829],[545],[754],[546],[820]
1175,[83],[32],[79],[18],[1280]
1176,[830],[1063],[778],[688],[468]
1177,[831],[437],[424],[442],[1186]
1178,[832],[667],[258],[527],[502]
1179,[833],[1057],[1069],[1056],[1083]
1180,[834],[730],[1281],[569],[616]
1181,[835],[1087],[1063],[569],[834]
1182,[836],[207],[1149],[823],[1136]
1183,[837],[845],[932],[937],[936]
1184,[838],[924],[849],[912],[1022]
1185,[839],[995],[844],[843],[929]
1186,[84],[1321],[111],[118],[4]
1187,[840],[916],[941],[935],[852]
1188,[841],[882],[861],[993],[909]
1189,[842],[1308],[1097],[1230],[1338]
1190,[843],[1027],[935],[1016],[926]
1191,[844],[464],[609],[995],[611]
1192,[845],[837],[929],[932],[1004]
1193,[846],[879],[930],[861],[1026]
1194,[847],[802],[979],[805],[1127]
1195,[848],[1041],[989],[977],[988]
1196,[849],[1028],[860],[838],[851]
1197,[85],[198],[1312],[1321],[148]
1198,[850],[1000],[879],[1028],[861]
1199,[851],[856],[866],[1001],[1002]
1200,[852],[862],[1009],[872],[1000]
1201,[853],[531],[720],[543],[540]
1202,[854],[859],[857],[867],[851]
1203,[855],[857],[858],[861],[872]
1204,[856],[851],[1002],[866],[1004]
1205,[857],[855],[865],[854],[916]
1206,[858],[855],[1006],[857],[912]
1207,[859],[854],[846],[856],[851]
1208,[86],[1257],[635],[633],[618]
1209,[860],[1006],[1028],[849],[851]
1210,[861],[846],[841],[879],[916]
1211,[862],[930],[866],[1000],[852]
1212,[863],[1002],[862],[1001],[851]
1213,[864],[531],[391],[418],[1252]
1214,[865],[857],[867],[1002],[936]
1215,[866],[851],[862],[1001],[856]
1216,[867],[936],[854],[862],[851]
1217,[868],[873],[862],[1027],[923]
1218,[869],[857],[872],[928],[1026]
1219,[87],[221],[1310],[1177],[1197]
1220,[870],[1009],[1000],[872],[910]
1221,[871],[873],[906],[1067],[1122]
1222,[872],[852],[855],[870],[869]
1223,[873],[868],[857],[855],[854]
1224,[874],[986],[644],[645],[1114]
1225,[875],[1042],[1220],[1245],[7]
1226,[876],[455],[1173],[921],[924]
1227,[877],[907],[937],[995],[913]
1228,[878],[937],[1006],[1003],[881]
1229,[879],[846],[861],[850],[999]
1230,[88],[1204],[84],[72],[4]
1231,[880],[1022],[924],[932],[91]
1232,[881],[943],[909],[994],[852]
1233,[882],[841],[906],[993],[992]
1234,[883],[1137],[1126],[619],[1076]
1235,[884],[1260],[26],[1301],[301]
1236,[885],[950],[954],[951],[949]
1237,[886],[275],[69],[58],[114]
1238,[887],[825],[798],[891],[19]
1239,[888],[958],[887],[1076],[955]
1240,[889],[963],[794],[1033],[822]
1241,[89],[20],[104],[96],[1160]
1242,[890],[134],[161],[61],[1078]
1243,[891],[887],[661],[834],[825]
1244,[892],[1228],[111],[1227],[1070]
1245,[893],[823],[977],[899],[1096]
1246,[894],[895],[595],[1115],[1284]
1247,[895],[900],[1065],[1048],[59]
1248,[896],[900],[291],[963],[1125]
1249,[897],[180],[853],[1253],[789]
1250,[898],[1093],[744],[392],[1068]
1251,[899],[893],[1096],[961],[1098]
1252,[9],[39],[157],[1149],[42]
1253,[90],[244],[209],[1307],[987]
1254,[900],[895],[1124],[896],[572]
1255,[901],[960],[825],[478],[887]
1256,[902],[954],[949],[960],[985]
1257,[903],[428],[946],[904],[347]
1258,[904],[905],[558],[961],[596]
1259,[905],[904],[787],[961],[447]
1260,[906],[933],[909],[907],[882]
1261,[907],[906],[912],[933],[992]
1262,[908],[612],[642],[609],[358]
1263,[909],[906],[881],[841],[882]
1264,[91],[548],[550],[919],[430]
1265,[910],[926],[1020],[998],[906]
1266,[911],[915],[992],[912],[991]
1267,[912],[907],[911],[1006],[933]
1268,[913],[998],[943],[1142],[1319]
1269,[914],[1027],[935],[998],[926]
1270,[915],[911],[992],[926],[1006]
1271,[916],[1026],[840],[1001],[882]
1272,[917],[862],[938],[923],[1009]
1273,[918],[921],[923],[1027],[926]
1274,[919],[548],[550],[91],[430]
1275,[92],[107],[1223],[1268],[127]
1276,[920],[953],[1268],[92],[1206]
1277,[921],[918],[994],[1027],[943]
1278,[922],[940],[1007],[923],[442]
1279,[923],[1016],[1007],[918],[998]
1280,[924],[932],[1022],[880],[937]
1281,[925],[1005],[862],[936],[859]
1282,[926],[1016],[998],[1020],[918]
1283,[927],[941],[882],[945],[1002]
1284,[928],[855],[1026],[869],[846]
1285,[929],[531],[844],[845],[1004]
1286,[93],[196],[1111],[1257],[141]
1287,[930],[862],[846],[1026],[1005]
1288,[931],[1274],[743],[1130],[285]
1289,[932],[1022],[924],[936],[880]
1290,[933],[906],[991],[992],[915]
1291,[934],[1018],[1109],[940],[998]
1292,[935],[941],[914],[1002],[1027]
1293,[936],[867],[932],[1005],[945]
1294,[937],[878],[924],[837],[932]
1295,[938],[917],[862],[941],[1020]
1296,[939],[1024],[994],[1027],[843]
1297,[94],[263],[1195],[101],[141]
1298,[940],[1018],[998],[1016],[1307]
1299,[941],[927],[1002],[935],[1020]
1300,[942],[589],[722],[465],[1301]
1301,[943],[994],[921],[881],[998]
1302,[944],[1002],[906],[1006],[916]
1303,[945],[1000],[1005],[936],[1028]
1304,[946],[960],[961],[750],[1036]
1305,[947],[1077],[798],[543],[740]
1306,[948],[1036],[947],[946],[750]
1307,[949],[954],[951],[950],[1085]
1308,[95],[117],[111],[219],[110]
1309,[950],[951],[949],[954],[952]
1310,[951],[950],[949],[291],[952]
1311,[952],[291],[951],[954],[258]
1312,[953],[312],[1268],[514],[643]
1313,[954],[949],[291],[951],[1087]
1314,[955],[1050],[1078],[1066],[956]
1315,[956],[955],[615],[551],[502]
1316,[957],[891],[887],[955],[228]
1317,[958],[901],[887],[1033],[794]
1318,[959],[1242],[1331],[1329],[168]
1319,[96],[143],[38],[261],[175]
1320,[960],[961],[946],[1280],[557]
1321,[961],[960],[963],[900],[1124]
1322,[962],[1359],[62],[969],[483]
1323,[963],[889],[961],[896],[960]
1324,[964],[975],[1280],[291],[777]
1325,[965],[954],[946],[960],[958]
1326,[966],[967],[1051],[562],[800]
1327,[967],[890],[1051],[1336],[433]
1328,[968],[482],[693],[446],[613]
1329,[969],[824],[490],[472],[825]
1330,[97],[1320],[133],[1321],[955]
1331,[970],[973],[584],[1011],[974]
1332,[971],[810],[1137],[974],[981]
1333,[972],[885],[659],[950],[952]
1334,[973],[974],[1011],[1139],[1268]
1335,[974],[810],[971],[847],[973]
1336,[975],[964],[538],[258],[895]
1337,[976],[1257],[1359],[1248],[1285]
1338,[977],[946],[1041],[973],[1147]
1339,[978],[354],[979],[1051],[974]
1340,[979],[805],[813],[1127],[847]
1341,[98],[260],[635],[1359],[745]
1342,[980],[817],[973],[1037],[593]
1343,[981],[982],[463],[805],[472]
1344,[982],[981],[827],[309],[427]
1345,[983],[989],[67],[1137],[129]
1346,[984],[832],[1204],[1120],[1087]
1347,[985],[969],[824],[1033],[800]
1348,[986],[1270],[26],[23],[645]
1349,[987],[947],[623],[244],[627]
1350,[988],[989],[713],[946],[1036]
1351,[989],[988],[1101],[1083],[208]
1352,[99],[54],[1121],[1109],[180]
1353,[990],[1002],[1006],[865],[917]
1354,[991],[933],[911],[1028],[906]
1355,[992],[911],[882],[915],[1017]
1356,[993],[882],[841],[916],[992]
1357,[994],[943],[921],[998],[1027]
1358,[995],[844],[940],[402],[1018]
1359,[996],[911],[991],[945],[992]
1360,[997],[271],[659],[221],[781]
1361,[998],[1016],[940],[926],[913]
1362,[999],[841],[882],[846],[879]
